	0-RawData	1-FilterAndTrim	2-ErrorModel	3.1-Dereplication	3.2-Denoising	4-ESV	5-MultipleSequenceAlignment	6-ChimeraRemoval	7-PreClassification	8-Clustering_97	9-TaxaFilter_97	10-MultipletonsFilter_97	11-Subsampling_97	12-Lulu_97
Acer100_S145_L001	85535	68198	68198	68198 (12547 uniques)	67979 (163 uniques)	67139 (134 uniques)	64159 (123 uniques)	64000 (115 uniques)	64000 (115 uniques)	64000 (96 uniques)	63872 (88 uniques)	63872 (88 uniques)	2500 (50 uniques)	2500 (50 uniques)
Acer101_S157_L001	2377	1771	1771	1771 (656 uniques)	1661 (23 uniques)	1607 (15 uniques)	1343 (12 uniques)	1343 (12 uniques)	1343 (12 uniques)	1343 (12 uniques)	1343 (12 uniques)	1343 (12 uniques)	/	/
Acer102_S169_L001	21112	16975	16975	16975 (2585 uniques)	16881 (34 uniques)	16740 (21 uniques)	16522 (18 uniques)	16487 (17 uniques)	16487 (17 uniques)	16487 (16 uniques)	16487 (16 uniques)	16487 (16 uniques)	2500 (14 uniques)	2500 (14 uniques)
Acer103_S181_L001	94936	74425	74425	74425 (10331 uniques)	74141 (102 uniques)	73685 (85 uniques)	72507 (78 uniques)	72233 (70 uniques)	72233 (70 uniques)	72233 (61 uniques)	72228 (60 uniques)	72226 (59 uniques)	2500 (30 uniques)	2500 (30 uniques)
Acer104_S98_L001	11906	9179	9179	9179 (1869 uniques)	9095 (24 uniques)	9019 (14 uniques)	8941 (13 uniques)	8867 (11 uniques)	8867 (11 uniques)	8867 (11 uniques)	8855 (10 uniques)	8855 (10 uniques)	2500 (10 uniques)	2500 (10 uniques)
Acer105_S110_L001	6514	5213	5213	5213 (1312 uniques)	5180 (24 uniques)	5137 (17 uniques)	4998 (15 uniques)	4998 (15 uniques)	4998 (15 uniques)	4998 (15 uniques)	4998 (15 uniques)	4998 (15 uniques)	2500 (15 uniques)	2500 (15 uniques)
Acer106_S122_L001	63888	51867	51867	51867 (5536 uniques)	51646 (67 uniques)	51309 (41 uniques)	50140 (36 uniques)	50126 (35 uniques)	50126 (35 uniques)	50126 (33 uniques)	50126 (33 uniques)	50126 (33 uniques)	2500 (20 uniques)	2500 (20 uniques)
Acer107_S134_L001	58200	45911	45911	45911 (7149 uniques)	45756 (83 uniques)	45432 (58 uniques)	41901 (52 uniques)	41839 (50 uniques)	41839 (50 uniques)	41839 (46 uniques)	41803 (42 uniques)	41803 (42 uniques)	2500 (27 uniques)	2500 (27 uniques)
Acer108_S146_L001	27721	21933	21933	21933 (3944 uniques)	21766 (63 uniques)	21550 (40 uniques)	21003 (36 uniques)	20916 (32 uniques)	20916 (32 uniques)	20916 (29 uniques)	20882 (27 uniques)	20882 (27 uniques)	2500 (16 uniques)	2500 (16 uniques)
Acer109_S158_L001	8150	6544	6544	6544 (1377 uniques)	6475 (16 uniques)	6428 (11 uniques)	6301 (9 uniques)	6301 (9 uniques)	6301 (9 uniques)	6301 (9 uniques)	6188 (8 uniques)	6188 (8 uniques)	2500 (8 uniques)	2500 (8 uniques)
Acer10_S10_L001	4338	3435	3435	3435 (635 uniques)	3396 (18 uniques)	3291 (9 uniques)	3282 (8 uniques)	3282 (8 uniques)	3282 (8 uniques)	3282 (8 uniques)	3282 (8 uniques)	3282 (8 uniques)	2500 (8 uniques)	2500 (8 uniques)
Acer110_S170_L001	11074	8944	8944	8944 (1593 uniques)	8866 (21 uniques)	8800 (13 uniques)	8649 (12 uniques)	8632 (11 uniques)	8632 (11 uniques)	8632 (11 uniques)	8626 (10 uniques)	8626 (10 uniques)	2500 (10 uniques)	2500 (10 uniques)
Acer111_S182_L001	8322	6036	6036	6036 (1754 uniques)	5956 (12 uniques)	5870 (10 uniques)	5839 (9 uniques)	5839 (9 uniques)	5839 (9 uniques)	5839 (9 uniques)	5839 (9 uniques)	5839 (9 uniques)	2500 (9 uniques)	2500 (9 uniques)
Acer112_S99_L001	42463	33870	33870	33870 (4774 uniques)	33738 (56 uniques)	33534 (35 uniques)	33303 (32 uniques)	33159 (28 uniques)	33159 (28 uniques)	33159 (27 uniques)	33152 (26 uniques)	33152 (26 uniques)	2500 (16 uniques)	2500 (16 uniques)
Acer113_S111_L001	36246	29480	29480	29480 (3609 uniques)	29366 (43 uniques)	29244 (33 uniques)	28524 (27 uniques)	28497 (26 uniques)	28497 (26 uniques)	28497 (25 uniques)	28497 (25 uniques)	28497 (25 uniques)	2500 (20 uniques)	2500 (20 uniques)
Acer114_S123_L001	11523	9356	9356	9356 (1671 uniques)	9294 (36 uniques)	9224 (25 uniques)	8884 (21 uniques)	8884 (21 uniques)	8884 (21 uniques)	8884 (21 uniques)	8884 (21 uniques)	8884 (21 uniques)	2500 (20 uniques)	2500 (20 uniques)
Acer115_S135_L001	5803	4709	4709	4709 (848 uniques)	4675 (14 uniques)	4644 (10 uniques)	4569 (9 uniques)	4559 (8 uniques)	4559 (8 uniques)	4559 (8 uniques)	4559 (8 uniques)	4559 (8 uniques)	2500 (8 uniques)	2500 (8 uniques)
Acer116_S147_L001	21996	18073	18073	18073 (2656 uniques)	17971 (31 uniques)	17897 (23 uniques)	17756 (22 uniques)	17681 (20 uniques)	17681 (20 uniques)	17681 (18 uniques)	17642 (17 uniques)	17642 (17 uniques)	2500 (14 uniques)	2500 (14 uniques)
Acer117_S159_L001	88508	71367	71367	71367 (8476 uniques)	71168 (78 uniques)	70793 (57 uniques)	70091 (50 uniques)	69744 (42 uniques)	69744 (42 uniques)	69744 (38 uniques)	69716 (36 uniques)	69716 (36 uniques)	2500 (16 uniques)	2500 (16 uniques)
Acer118_S171_L001	82458	66498	66498	66498 (7318 uniques)	66275 (64 uniques)	65935 (53 uniques)	65154 (46 uniques)	64928 (37 uniques)	64928 (37 uniques)	64928 (33 uniques)	64838 (32 uniques)	64838 (32 uniques)	2500 (10 uniques)	2500 (10 uniques)
Acer119_S183_L001	5663	4514	4514	4514 (966 uniques)	4469 (11 uniques)	4445 (7 uniques)	4342 (6 uniques)	4342 (6 uniques)	4342 (6 uniques)	4342 (6 uniques)	4342 (6 uniques)	4342 (6 uniques)	2500 (6 uniques)	2500 (6 uniques)
Acer11_S11_L001	4740	3903	3903	3903 (632 uniques)	3861 (12 uniques)	3839 (9 uniques)	3831 (8 uniques)	3831 (8 uniques)	3831 (8 uniques)	3831 (8 uniques)	3831 (8 uniques)	3831 (8 uniques)	2500 (8 uniques)	2500 (8 uniques)
Acer120_S100_L001	58951	46439	46439	46439 (5520 uniques)	46286 (57 uniques)	45973 (40 uniques)	45423 (35 uniques)	45301 (27 uniques)	45301 (27 uniques)	45301 (24 uniques)	45301 (24 uniques)	45301 (24 uniques)	2500 (15 uniques)	2500 (15 uniques)
Acer121_S112_L001	4363	3528	3528	3528 (830 uniques)	3493 (10 uniques)	3478 (8 uniques)	3414 (7 uniques)	3401 (6 uniques)	3401 (6 uniques)	3401 (6 uniques)	3401 (6 uniques)	3401 (6 uniques)	2500 (6 uniques)	2500 (6 uniques)
Acer122_S124_L001	14021	9594	9594	9594 (2533 uniques)	9466 (47 uniques)	9220 (32 uniques)	9153 (29 uniques)	9153 (29 uniques)	9153 (29 uniques)	9153 (25 uniques)	9149 (24 uniques)	9149 (24 uniques)	2500 (22 uniques)	2500 (22 uniques)
Acer123_S136_L001	30001	21170	21170	21170 (5389 uniques)	21064 (77 uniques)	20816 (63 uniques)	18669 (56 uniques)	18669 (56 uniques)	18669 (56 uniques)	18669 (54 uniques)	18040 (47 uniques)	18040 (47 uniques)	2500 (41 uniques)	2500 (41 uniques)
Acer124_S148_L001	7777	5889	5889	5889 (1511 uniques)	5834 (18 uniques)	5774 (13 uniques)	5701 (12 uniques)	5701 (12 uniques)	5701 (12 uniques)	5701 (12 uniques)	5701 (12 uniques)	5701 (12 uniques)	2500 (12 uniques)	2500 (12 uniques)
Acer125_S160_L001	13627	10580	10580	10580 (1773 uniques)	10498 (21 uniques)	10420 (14 uniques)	10212 (12 uniques)	10182 (10 uniques)	10182 (10 uniques)	10182 (10 uniques)	10182 (10 uniques)	10182 (10 uniques)	2500 (10 uniques)	2500 (10 uniques)
Acer126_S172_L001	57933	47223	47223	47223 (6978 uniques)	47082 (60 uniques)	46879 (46 uniques)	46436 (40 uniques)	46243 (37 uniques)	46243 (37 uniques)	46243 (31 uniques)	46203 (28 uniques)	46203 (28 uniques)	2500 (18 uniques)	2500 (18 uniques)
Acer127_S184_L001	35253	28195	28195	28195 (4556 uniques)	28023 (50 uniques)	27854 (38 uniques)	27582 (35 uniques)	27302 (27 uniques)	27302 (27 uniques)	27302 (22 uniques)	27297 (21 uniques)	27297 (21 uniques)	2500 (11 uniques)	2500 (11 uniques)
Acer128_S101_L001	45916	36922	36922	36922 (5178 uniques)	36738 (58 uniques)	36467 (41 uniques)	35996 (37 uniques)	35870 (32 uniques)	35870 (32 uniques)	35870 (32 uniques)	35850 (30 uniques)	35850 (30 uniques)	2500 (19 uniques)	2500 (19 uniques)
Acer129_S113_L001	80763	65352	65352	65352 (7801 uniques)	65097 (70 uniques)	64742 (59 uniques)	63887 (48 uniques)	63543 (36 uniques)	63543 (36 uniques)	63543 (30 uniques)	63479 (27 uniques)	63479 (27 uniques)	2500 (12 uniques)	2500 (12 uniques)
Acer12_S12_L001	4006	3158	3158	3158 (663 uniques)	3094 (13 uniques)	3076 (11 uniques)	3064 (10 uniques)	3064 (10 uniques)	3064 (10 uniques)	3064 (10 uniques)	3064 (10 uniques)	3064 (10 uniques)	2500 (10 uniques)	2500 (10 uniques)
Acer130_S125_L001	20188	16392	16392	16392 (2610 uniques)	16281 (28 uniques)	16226 (25 uniques)	16062 (23 uniques)	16006 (19 uniques)	16006 (19 uniques)	16006 (19 uniques)	15991 (18 uniques)	15991 (18 uniques)	2500 (14 uniques)	2500 (14 uniques)
Acer131_S137_L001	82587	64304	64304	64304 (7494 uniques)	64082 (75 uniques)	63688 (63 uniques)	62359 (50 uniques)	62157 (42 uniques)	62157 (42 uniques)	62157 (37 uniques)	61518 (35 uniques)	61518 (35 uniques)	2500 (17 uniques)	2500 (17 uniques)
Acer132_S149_L001	93352	75937	75937	75937 (8097 uniques)	75749 (60 uniques)	75508 (53 uniques)	74178 (47 uniques)	73936 (41 uniques)	73936 (41 uniques)	73936 (35 uniques)	73808 (32 uniques)	73808 (32 uniques)	2500 (14 uniques)	2500 (14 uniques)
Acer133_S161_L001	138014	112785	112785	112785 (10829 uniques)	112506 (71 uniques)	112053 (53 uniques)	110460 (47 uniques)	110262 (41 uniques)	110262 (41 uniques)	110262 (38 uniques)	109333 (34 uniques)	109333 (34 uniques)	2500 (21 uniques)	2500 (21 uniques)
Acer134_S173_L001	108139	85298	85298	85298 (9135 uniques)	85068 (55 uniques)	84662 (50 uniques)	82869 (44 uniques)	82645 (38 uniques)	82645 (38 uniques)	82645 (30 uniques)	82574 (28 uniques)	82574 (28 uniques)	2500 (14 uniques)	2500 (14 uniques)
Acer135_S185_L001	60918	49109	49109	49109 (6090 uniques)	48984 (63 uniques)	48760 (49 uniques)	46887 (43 uniques)	46623 (34 uniques)	46623 (34 uniques)	46623 (33 uniques)	46457 (28 uniques)	46457 (28 uniques)	2500 (16 uniques)	2500 (16 uniques)
Acer136_S102_L001	12383	10017	10017	10017 (1795 uniques)	9954 (26 uniques)	9852 (14 uniques)	9723 (12 uniques)	9683 (10 uniques)	9683 (10 uniques)	9683 (10 uniques)	9683 (10 uniques)	9683 (10 uniques)	2500 (10 uniques)	2500 (10 uniques)
Acer137_S114_L001	9901	7806	7806	7806 (1543 uniques)	7754 (14 uniques)	7691 (10 uniques)	7601 (9 uniques)	7595 (8 uniques)	7595 (8 uniques)	7595 (8 uniques)	7265 (7 uniques)	7265 (7 uniques)	2500 (7 uniques)	2500 (7 uniques)
Acer138_S126_L001	8027	6526	6526	6526 (1305 uniques)	6482 (11 uniques)	6451 (7 uniques)	6363 (6 uniques)	6363 (6 uniques)	6363 (6 uniques)	6363 (6 uniques)	6363 (6 uniques)	6363 (6 uniques)	2500 (6 uniques)	2500 (6 uniques)
Acer139_S138_L001	12125	9872	9872	9872 (1596 uniques)	9787 (17 uniques)	9750 (11 uniques)	9595 (9 uniques)	9590 (8 uniques)	9590 (8 uniques)	9590 (6 uniques)	8017 (5 uniques)	8017 (5 uniques)	2500 (4 uniques)	2500 (4 uniques)
Acer13_S13_L001	48553	39178	39178	39178 (3617 uniques)	39040 (51 uniques)	38788 (35 uniques)	38648 (31 uniques)	38522 (24 uniques)	38522 (24 uniques)	38522 (23 uniques)	38510 (22 uniques)	38510 (22 uniques)	2500 (13 uniques)	2500 (13 uniques)
Acer140_S150_L001	16667	13263	13263	13263 (2416 uniques)	13217 (29 uniques)	13135 (25 uniques)	12448 (20 uniques)	12448 (20 uniques)	12448 (20 uniques)	12448 (20 uniques)	12391 (19 uniques)	12391 (19 uniques)	2500 (18 uniques)	2500 (18 uniques)
Acer141_S162_L001	67374	54159	54159	54159 (6363 uniques)	53996 (68 uniques)	53696 (55 uniques)	52711 (47 uniques)	52644 (45 uniques)	52644 (45 uniques)	52644 (41 uniques)	52640 (40 uniques)	52640 (40 uniques)	2500 (24 uniques)	2500 (24 uniques)
Acer142_S174_L001	21719	17742	17742	17742 (2680 uniques)	17667 (44 uniques)	17546 (32 uniques)	16824 (27 uniques)	16824 (27 uniques)	16824 (27 uniques)	16824 (26 uniques)	16809 (24 uniques)	16809 (24 uniques)	2500 (18 uniques)	2500 (18 uniques)
Acer143_S186_L001	80192	66404	66404	66404 (9364 uniques)	66259 (91 uniques)	65999 (79 uniques)	63865 (73 uniques)	63307 (60 uniques)	63307 (60 uniques)	63307 (44 uniques)	62988 (43 uniques)	62988 (43 uniques)	2500 (19 uniques)	2500 (19 uniques)
Acer144_S103_L001	9357	7393	7393	7393 (1231 uniques)	7344 (16 uniques)	7299 (11 uniques)	7195 (10 uniques)	7178 (9 uniques)	7178 (9 uniques)	7178 (9 uniques)	7176 (8 uniques)	7176 (8 uniques)	2500 (8 uniques)	2500 (8 uniques)
Acer145_S115_L001	18422	15091	15091	15091 (2462 uniques)	15023 (37 uniques)	14919 (26 uniques)	14416 (19 uniques)	14408 (18 uniques)	14408 (18 uniques)	14408 (18 uniques)	14408 (18 uniques)	14408 (18 uniques)	2500 (16 uniques)	2500 (16 uniques)
Acer146_S127_L001	47681	38473	38473	38473 (4160 uniques)	38354 (50 uniques)	38137 (36 uniques)	37416 (30 uniques)	37331 (27 uniques)	37331 (27 uniques)	37331 (26 uniques)	37299 (24 uniques)	37299 (24 uniques)	2500 (16 uniques)	2500 (16 uniques)
Acer147_S139_L001	28800	23073	23073	23073 (2907 uniques)	22948 (33 uniques)	22841 (27 uniques)	22532 (23 uniques)	22513 (21 uniques)	22513 (21 uniques)	22513 (20 uniques)	22011 (18 uniques)	22011 (18 uniques)	2500 (13 uniques)	2500 (13 uniques)
Acer148_S151_L001	7302	5447	5447	5447 (1247 uniques)	5406 (15 uniques)	5370 (9 uniques)	5336 (8 uniques)	5336 (8 uniques)	5336 (8 uniques)	5336 (8 uniques)	5336 (8 uniques)	5336 (8 uniques)	2500 (8 uniques)	2500 (8 uniques)
Acer149_S163_L001	86847	70475	70475	70475 (7720 uniques)	70233 (78 uniques)	69874 (63 uniques)	69213 (58 uniques)	69013 (49 uniques)	69013 (49 uniques)	69013 (43 uniques)	68975 (40 uniques)	68975 (40 uniques)	2500 (18 uniques)	2500 (18 uniques)
Acer14_S14_L001	27525	23523	23523	23523 (2713 uniques)	23481 (28 uniques)	23414 (22 uniques)	23376 (21 uniques)	23344 (18 uniques)	23344 (18 uniques)	23344 (18 uniques)	23344 (18 uniques)	23344 (18 uniques)	2500 (14 uniques)	2500 (14 uniques)
Acer150_S175_L001	86859	69338	69338	69338 (8386 uniques)	69147 (62 uniques)	68841 (48 uniques)	67037 (41 uniques)	66885 (35 uniques)	66885 (35 uniques)	66885 (31 uniques)	66874 (29 uniques)	66874 (29 uniques)	2500 (16 uniques)	2500 (16 uniques)
Acer151_S187_L001	41598	31188	31188	31188 (6614 uniques)	31114 (88 uniques)	30857 (73 uniques)	27504 (65 uniques)	27440 (63 uniques)	27440 (63 uniques)	27440 (57 uniques)	27299 (52 uniques)	27299 (52 uniques)	2500 (38 uniques)	2500 (38 uniques)
Acer152_S104_L001	62316	50903	50903	50903 (5511 uniques)	50741 (48 uniques)	50477 (32 uniques)	49975 (27 uniques)	49879 (24 uniques)	49879 (24 uniques)	49879 (22 uniques)	49874 (21 uniques)	49874 (21 uniques)	2500 (13 uniques)	2500 (13 uniques)
Acer153_S116_L001	15782	12450	12450	12450 (2106 uniques)	12381 (36 uniques)	12267 (20 uniques)	11685 (14 uniques)	11657 (13 uniques)	11657 (13 uniques)	11657 (13 uniques)	11651 (12 uniques)	11647 (10 uniques)	2500 (7 uniques)	2500 (7 uniques)
Acer154_S128_L001	96012	75834	75834	75834 (9537 uniques)	75575 (83 uniques)	75093 (59 uniques)	73400 (53 uniques)	72913 (46 uniques)	72913 (46 uniques)	72913 (38 uniques)	72900 (36 uniques)	72900 (36 uniques)	2500 (20 uniques)	2500 (20 uniques)
Acer155_S140_L001	16277	13342	13342	13342 (1908 uniques)	13250 (20 uniques)	13198 (14 uniques)	13017 (12 uniques)	13017 (12 uniques)	13017 (12 uniques)	13017 (12 uniques)	13007 (11 uniques)	13007 (11 uniques)	2500 (10 uniques)	2500 (10 uniques)
Acer156_S152_L001	32970	25927	25927	25927 (4118 uniques)	25706 (68 uniques)	25435 (43 uniques)	24993 (37 uniques)	24900 (35 uniques)	24900 (35 uniques)	24900 (32 uniques)	24900 (32 uniques)	24900 (32 uniques)	2500 (22 uniques)	2500 (22 uniques)
Acer157_S164_L001	86742	70027	70027	70027 (9220 uniques)	69783 (96 uniques)	69347 (80 uniques)	68143 (72 uniques)	67898 (62 uniques)	67898 (62 uniques)	67898 (52 uniques)	67856 (50 uniques)	67854 (49 uniques)	2500 (32 uniques)	2500 (32 uniques)
Acer158_S176_L001	56066	46080	46080	46080 (5626 uniques)	45954 (60 uniques)	45744 (45 uniques)	44669 (39 uniques)	44513 (31 uniques)	44513 (31 uniques)	44513 (28 uniques)	44471 (27 uniques)	44471 (27 uniques)	2500 (15 uniques)	2500 (15 uniques)
Acer159_S188_L001	48485	38684	38684	38684 (5513 uniques)	38535 (46 uniques)	38327 (36 uniques)	37645 (31 uniques)	37456 (29 uniques)	37456 (29 uniques)	37456 (23 uniques)	37444 (22 uniques)	37444 (22 uniques)	2500 (14 uniques)	2500 (14 uniques)
Acer15_S15_L001	44956	35378	35378	35378 (4490 uniques)	35244 (70 uniques)	34982 (56 uniques)	34867 (54 uniques)	34750 (49 uniques)	34750 (49 uniques)	34750 (44 uniques)	34740 (43 uniques)	34740 (43 uniques)	2500 (32 uniques)	2500 (32 uniques)
Acer160_S105_L001	67568	53999	53999	53999 (6098 uniques)	53834 (72 uniques)	53503 (61 uniques)	52706 (55 uniques)	52500 (44 uniques)	52500 (44 uniques)	52500 (40 uniques)	52500 (40 uniques)	52500 (40 uniques)	2500 (25 uniques)	2500 (25 uniques)
Acer161_S117_L001	12022	9627	9627	9627 (1696 uniques)	9556 (26 uniques)	9472 (17 uniques)	9351 (16 uniques)	9321 (13 uniques)	9321 (13 uniques)	9321 (13 uniques)	9321 (13 uniques)	9321 (13 uniques)	2500 (13 uniques)	2500 (13 uniques)
Acer162_S129_L001	51044	41239	41239	41239 (4778 uniques)	41078 (54 uniques)	40864 (41 uniques)	40530 (38 uniques)	40492 (35 uniques)	40492 (35 uniques)	40492 (35 uniques)	39889 (33 uniques)	39889 (33 uniques)	2500 (26 uniques)	2500 (26 uniques)
Acer163b_S292_L001	9105	7372	7372	7372 (1433 uniques)	7319 (13 uniques)	7294 (12 uniques)	7265 (11 uniques)	7238 (9 uniques)	7238 (9 uniques)	7238 (9 uniques)	7238 (9 uniques)	7238 (9 uniques)	2500 (9 uniques)	2500 (9 uniques)
Acer164_S177_L001	51299	43858	43858	43858 (4562 uniques)	43698 (28 uniques)	43621 (19 uniques)	43329 (15 uniques)	43289 (13 uniques)	43289 (13 uniques)	43289 (13 uniques)	43289 (13 uniques)	43289 (13 uniques)	2500 (10 uniques)	2500 (10 uniques)
Acer165_S189_L001	68336	48729	48729	48729 (9473 uniques)	48533 (65 uniques)	47806 (51 uniques)	47556 (45 uniques)	47004 (30 uniques)	47004 (30 uniques)	47004 (25 uniques)	46995 (24 uniques)	46995 (24 uniques)	2500 (15 uniques)	2500 (15 uniques)
Acer166_S118_L001	13687	11146	11146	11146 (1739 uniques)	11073 (20 uniques)	11034 (18 uniques)	10936 (17 uniques)	10912 (15 uniques)	10912 (15 uniques)	10912 (15 uniques)	10908 (13 uniques)	10908 (13 uniques)	2500 (9 uniques)	2500 (9 uniques)
Acer167_S196_L001	52173	39875	39875	39875 (8634 uniques)	39697 (27 uniques)	39460 (22 uniques)	35287 (16 uniques)	35093 (10 uniques)	35093 (10 uniques)	35093 (7 uniques)	35093 (7 uniques)	35093 (7 uniques)	2500 (7 uniques)	2500 (7 uniques)
Acer168_S197_L001	4634	3699	3699	3699 (1110 uniques)	3639 (7 uniques)	3606 (4 uniques)	3378 (2 uniques)	3378 (2 uniques)	3378 (2 uniques)	3378 (2 uniques)	3378 (2 uniques)	3378 (2 uniques)	2500 (2 uniques)	2500 (2 uniques)
Acer169_S198_L001	6317	5063	5063	5063 (1358 uniques)	4980 (7 uniques)	4957 (6 uniques)	4611 (4 uniques)	4611 (4 uniques)	4611 (4 uniques)	4611 (4 uniques)	4611 (4 uniques)	4611 (4 uniques)	2500 (4 uniques)	2500 (4 uniques)
Acer16_S16_L001	7302	5854	5854	5854 (954 uniques)	5747 (36 uniques)	5648 (22 uniques)	5534 (21 uniques)	5534 (21 uniques)	5534 (21 uniques)	5534 (21 uniques)	5526 (20 uniques)	5526 (20 uniques)	2500 (19 uniques)	2500 (19 uniques)
Acer170_S199_L001	7560	6035	6035	6035 (1628 uniques)	5990 (11 uniques)	5966 (10 uniques)	5536 (6 uniques)	5536 (6 uniques)	5536 (6 uniques)	5536 (6 uniques)	5536 (6 uniques)	5536 (6 uniques)	2500 (6 uniques)	2500 (6 uniques)
Acer171_S200_L001	9122	7023	7023	7023 (2233 uniques)	6982 (18 uniques)	6941 (16 uniques)	5643 (10 uniques)	5630 (8 uniques)	5630 (8 uniques)	5630 (8 uniques)	5630 (8 uniques)	5630 (8 uniques)	2500 (8 uniques)	2500 (8 uniques)
Acer172_S201_L001	10000	8006	8006	8006 (1992 uniques)	7971 (11 uniques)	7936 (11 uniques)	7187 (5 uniques)	7187 (5 uniques)	7187 (5 uniques)	7187 (5 uniques)	7187 (5 uniques)	7187 (5 uniques)	2500 (5 uniques)	2500 (5 uniques)
Acer173_S202_L001	5556	4240	4240	4240 (1313 uniques)	4213 (14 uniques)	4179 (10 uniques)	3699 (6 uniques)	3689 (5 uniques)	3689 (5 uniques)	3689 (5 uniques)	3689 (5 uniques)	3689 (5 uniques)	2500 (5 uniques)	2500 (5 uniques)
Acer174_S203_L001	9275	7172	7172	7172 (1810 uniques)	7132 (12 uniques)	7091 (9 uniques)	6609 (5 uniques)	6609 (5 uniques)	6609 (5 uniques)	6609 (5 uniques)	6609 (5 uniques)	6609 (5 uniques)	2500 (5 uniques)	2500 (5 uniques)
Acer175_S204_L001	66697	51733	51733	51733 (10688 uniques)	51548 (38 uniques)	51240 (28 uniques)	45995 (21 uniques)	45869 (17 uniques)	45869 (17 uniques)	45869 (14 uniques)	45869 (14 uniques)	45869 (14 uniques)	2500 (11 uniques)	2500 (11 uniques)
Acer176_S205_L001	90589	69838	69838	69838 (13348 uniques)	69619 (34 uniques)	69241 (25 uniques)	61095 (19 uniques)	60957 (15 uniques)	60957 (15 uniques)	60957 (12 uniques)	60957 (12 uniques)	60957 (12 uniques)	2500 (6 uniques)	2500 (6 uniques)
Acer177_S206_L001	2820	2244	2244	2244 (842 uniques)	2229 (6 uniques)	2215 (6 uniques)	1970 (4 uniques)	1970 (4 uniques)	1970 (4 uniques)	1970 (4 uniques)	1970 (4 uniques)	1970 (4 uniques)	/	/
Acer178_S207_L001	72914	56072	56072	56072 (14229 uniques)	55377 (215 uniques)	54405 (122 uniques)	45862 (115 uniques)	45683 (113 uniques)	45683 (113 uniques)	45683 (108 uniques)	45569 (105 uniques)	45565 (103 uniques)	2500 (48 uniques)	2500 (48 uniques)
Acer179_S208_L001	74334	59206	59206	59206 (10773 uniques)	59026 (34 uniques)	58750 (28 uniques)	54332 (22 uniques)	54282 (20 uniques)	54282 (20 uniques)	54282 (18 uniques)	54264 (17 uniques)	54264 (17 uniques)	2500 (12 uniques)	2500 (12 uniques)
Acer17_S17_L001	62185	49967	49967	49967 (4966 uniques)	49795 (78 uniques)	49386 (49 uniques)	49121 (43 uniques)	48925 (39 uniques)	48925 (39 uniques)	48925 (33 uniques)	48627 (30 uniques)	48627 (30 uniques)	2500 (21 uniques)	2500 (21 uniques)
Acer180_S209_L001	48251	38221	38221	38221 (7421 uniques)	38064 (32 uniques)	37780 (21 uniques)	33928 (15 uniques)	33737 (10 uniques)	33737 (10 uniques)	33737 (10 uniques)	33737 (10 uniques)	33737 (10 uniques)	2500 (6 uniques)	2500 (6 uniques)
Acer181_S210_L001	40964	31445	31445	31445 (7482 uniques)	31199 (34 uniques)	30982 (26 uniques)	27701 (18 uniques)	27568 (14 uniques)	27568 (14 uniques)	27568 (14 uniques)	27344 (11 uniques)	27342 (10 uniques)	2500 (8 uniques)	2500 (8 uniques)
Acer182_S211_L001	31411	24377	24377	24377 (6245 uniques)	24251 (30 uniques)	24079 (22 uniques)	20306 (16 uniques)	20204 (13 uniques)	20204 (13 uniques)	20204 (10 uniques)	20153 (9 uniques)	20153 (9 uniques)	2500 (9 uniques)	2500 (9 uniques)
Acer183_S212_L001	52205	41417	41417	41417 (8929 uniques)	41224 (46 uniques)	41025 (35 uniques)	36366 (29 uniques)	36287 (27 uniques)	36287 (27 uniques)	36287 (27 uniques)	36273 (26 uniques)	36273 (26 uniques)	2500 (22 uniques)	2500 (22 uniques)
Acer184_S213_L001	48929	36985	36985	36985 (7840 uniques)	36794 (38 uniques)	36528 (30 uniques)	33059 (23 uniques)	32941 (17 uniques)	32941 (17 uniques)	32941 (16 uniques)	32857 (15 uniques)	32857 (15 uniques)	2500 (13 uniques)	2500 (13 uniques)
Acer185_S214_L001	6791	5339	5339	5339 (1893 uniques)	5299 (17 uniques)	5275 (15 uniques)	4582 (10 uniques)	4563 (9 uniques)	4563 (9 uniques)	4563 (9 uniques)	4553 (8 uniques)	4553 (8 uniques)	2500 (8 uniques)	2500 (8 uniques)
Acer186_S215_L001	40394	30944	30944	30944 (6932 uniques)	30817 (35 uniques)	30627 (26 uniques)	28024 (20 uniques)	27878 (15 uniques)	27878 (15 uniques)	27878 (13 uniques)	27831 (11 uniques)	27831 (11 uniques)	2500 (9 uniques)	2500 (9 uniques)
Acer187_S216_L001	61162	46797	46797	46797 (10107 uniques)	46598 (38 uniques)	46180 (32 uniques)	42278 (25 uniques)	42091 (18 uniques)	42091 (18 uniques)	42091 (16 uniques)	42038 (15 uniques)	42038 (15 uniques)	2500 (12 uniques)	2500 (12 uniques)
Acer188_S217_L001	2766	2184	2184	2184 (856 uniques)	2162 (8 uniques)	2150 (8 uniques)	1856 (5 uniques)	1856 (5 uniques)	1856 (5 uniques)	1856 (5 uniques)	1856 (5 uniques)	1856 (5 uniques)	/	/
Acer189_S218_L001	8378	6591	6591	6591 (2097 uniques)	6474 (19 uniques)	6422 (15 uniques)	5832 (9 uniques)	5832 (9 uniques)	5832 (9 uniques)	5832 (9 uniques)	5823 (8 uniques)	5823 (8 uniques)	2500 (8 uniques)	2500 (8 uniques)
Acer18_S18_L001	5489	4258	4258	4258 (846 uniques)	4216 (13 uniques)	4185 (8 uniques)	4177 (7 uniques)	4153 (5 uniques)	4153 (5 uniques)	4153 (4 uniques)	4153 (4 uniques)	4153 (4 uniques)	2500 (4 uniques)	2500 (4 uniques)
Acer190_S219_L001	3969	3120	3120	3120 (959 uniques)	3085 (12 uniques)	3069 (10 uniques)	2617 (5 uniques)	2617 (5 uniques)	2617 (5 uniques)	2617 (5 uniques)	2617 (5 uniques)	2617 (5 uniques)	2500 (5 uniques)	2500 (5 uniques)
Acer191_S220_L001	6935	5371	5371	5371 (1668 uniques)	5324 (14 uniques)	5296 (12 uniques)	4569 (7 uniques)	4558 (6 uniques)	4558 (6 uniques)	4558 (6 uniques)	4554 (5 uniques)	4554 (5 uniques)	2500 (5 uniques)	2500 (5 uniques)
Acer192_S221_L001	2502	2082	2082	2082 (655 uniques)	2064 (9 uniques)	2052 (8 uniques)	1938 (7 uniques)	1938 (7 uniques)	1938 (7 uniques)	1938 (7 uniques)	1936 (6 uniques)	1936 (6 uniques)	/	/
Acer193_S222_L001	4715	3706	3706	3706 (1226 uniques)	3670 (11 uniques)	3642 (9 uniques)	3387 (6 uniques)	3387 (6 uniques)	3387 (6 uniques)	3387 (6 uniques)	3387 (6 uniques)	3387 (6 uniques)	2500 (6 uniques)	2500 (6 uniques)
Acer194_S223_L001	7383	5828	5828	5828 (1853 uniques)	5761 (15 uniques)	5730 (14 uniques)	5138 (9 uniques)	5138 (9 uniques)	5138 (9 uniques)	5138 (9 uniques)	5129 (8 uniques)	5129 (8 uniques)	2500 (8 uniques)	2500 (8 uniques)
Acer195_S224_L001	81971	65872	65872	65872 (11337 uniques)	65704 (33 uniques)	65392 (24 uniques)	60136 (18 uniques)	60088 (17 uniques)	60088 (17 uniques)	60088 (16 uniques)	60030 (15 uniques)	60030 (15 uniques)	2500 (10 uniques)	2500 (10 uniques)
Acer196_S225_L001	9477	7150	7150	7150 (2190 uniques)	7031 (20 uniques)	6960 (16 uniques)	6111 (10 uniques)	6092 (9 uniques)	6092 (9 uniques)	6092 (9 uniques)	6088 (8 uniques)	6088 (8 uniques)	2500 (8 uniques)	2500 (8 uniques)
Acer197_S226_L001	51285	40524	40524	40524 (8363 uniques)	40361 (34 uniques)	40142 (23 uniques)	36465 (17 uniques)	36379 (15 uniques)	36379 (15 uniques)	36379 (14 uniques)	36365 (13 uniques)	36365 (13 uniques)	2500 (9 uniques)	2500 (9 uniques)
Acer198_S227_L001	61345	48399	48399	48399 (9578 uniques)	48204 (24 uniques)	48005 (25 uniques)	43920 (19 uniques)	43741 (17 uniques)	43741 (17 uniques)	43741 (11 uniques)	43667 (10 uniques)	43665 (9 uniques)	2500 (5 uniques)	2500 (5 uniques)
Acer199_S228_L001	57269	45003	45003	45003 (10856 uniques)	44843 (36 uniques)	44588 (32 uniques)	36662 (24 uniques)	36485 (17 uniques)	36485 (17 uniques)	36485 (14 uniques)	36435 (12 uniques)	36435 (12 uniques)	2500 (10 uniques)	2500 (10 uniques)
Acer19_S19_L001	6459	5173	5173	5173 (998 uniques)	5110 (17 uniques)	5069 (10 uniques)	5039 (9 uniques)	5039 (9 uniques)	5039 (9 uniques)	5039 (8 uniques)	5039 (8 uniques)	5039 (8 uniques)	2500 (7 uniques)	2500 (7 uniques)
Acer1_S1_L001	6384	5191	5191	5191 (895 uniques)	5138 (13 uniques)	5103 (10 uniques)	5103 (10 uniques)	5094 (9 uniques)	5094 (9 uniques)	5094 (9 uniques)	5094 (9 uniques)	5094 (9 uniques)	2500 (9 uniques)	2500 (9 uniques)
Acer200_S229_L001	6036	4645	4645	4645 (1452 uniques)	4607 (18 uniques)	4580 (14 uniques)	3669 (8 uniques)	3669 (8 uniques)	3669 (8 uniques)	3669 (8 uniques)	3616 (6 uniques)	3616 (6 uniques)	2500 (6 uniques)	2500 (6 uniques)
Acer201_S230_L001	125427	97862	97862	97862 (20492 uniques)	97550 (59 uniques)	97082 (43 uniques)	83571 (34 uniques)	83112 (24 uniques)	83112 (24 uniques)	83112 (20 uniques)	83071 (19 uniques)	83071 (19 uniques)	2500 (9 uniques)	2500 (9 uniques)
Acer202_S231_L001	8689	6750	6750	6750 (1993 uniques)	6644 (15 uniques)	6594 (12 uniques)	5657 (7 uniques)	5638 (5 uniques)	5638 (5 uniques)	5638 (5 uniques)	5622 (3 uniques)	5622 (3 uniques)	2500 (3 uniques)	2500 (3 uniques)
Acer203_S232_L001	34001	27220	27220	27220 (6291 uniques)	27111 (23 uniques)	27029 (23 uniques)	23871 (17 uniques)	23811 (15 uniques)	23811 (15 uniques)	23811 (11 uniques)	23735 (10 uniques)	23735 (10 uniques)	2500 (7 uniques)	2500 (7 uniques)
Acer204_S233_L001	9906	7835	7835	7835 (2202 uniques)	7792 (17 uniques)	7748 (14 uniques)	6666 (8 uniques)	6657 (7 uniques)	6657 (7 uniques)	6657 (7 uniques)	6629 (6 uniques)	6629 (6 uniques)	2500 (6 uniques)	2500 (6 uniques)
Acer205_S234_L001	17176	13550	13550	13550 (3413 uniques)	13450 (18 uniques)	13370 (13 uniques)	11828 (6 uniques)	11828 (6 uniques)	11828 (6 uniques)	11828 (6 uniques)	11828 (6 uniques)	11828 (6 uniques)	2500 (5 uniques)	2500 (5 uniques)
Acer206_S235_L001	18177	14011	14011	14011 (3425 uniques)	13904 (24 uniques)	13817 (16 uniques)	11456 (10 uniques)	11456 (10 uniques)	11456 (10 uniques)	11456 (10 uniques)	11325 (7 uniques)	11325 (7 uniques)	2500 (6 uniques)	2500 (6 uniques)
Acer207R_S301_L001	86850	71277	71277	71277 (8017 uniques)	70987 (130 uniques)	70571 (97 uniques)	70037 (91 uniques)	70025 (90 uniques)	70025 (90 uniques)	70025 (86 uniques)	69963 (80 uniques)	69963 (80 uniques)	2500 (38 uniques)	2500 (38 uniques)
Acer207_S236_L001	12541	9927	9927	9927 (2303 uniques)	9876 (14 uniques)	9839 (13 uniques)	8817 (7 uniques)	8817 (7 uniques)	8817 (7 uniques)	8817 (7 uniques)	8817 (7 uniques)	8817 (7 uniques)	2500 (7 uniques)	2500 (7 uniques)
Acer208R_S302_L001	179397	145654	145654	145654 (13206 uniques)	145268 (109 uniques)	144507 (84 uniques)	143815 (78 uniques)	143450 (66 uniques)	143450 (66 uniques)	143450 (61 uniques)	142725 (54 uniques)	142725 (54 uniques)	2500 (21 uniques)	2500 (21 uniques)
Acer208_S237_L001	17618	13930	13930	13930 (2792 uniques)	13865 (16 uniques)	13800 (13 uniques)	12861 (7 uniques)	12861 (7 uniques)	12861 (7 uniques)	12861 (7 uniques)	12861 (7 uniques)	12861 (7 uniques)	2500 (7 uniques)	2500 (7 uniques)
Acer209_S238_L001	76972	61736	61736	61736 (11973 uniques)	61479 (48 uniques)	61122 (30 uniques)	55854 (24 uniques)	55765 (22 uniques)	55765 (22 uniques)	55765 (19 uniques)	55765 (19 uniques)	55765 (19 uniques)	2500 (12 uniques)	2500 (12 uniques)
Acer20_S20_L001	4263	3354	3354	3354 (679 uniques)	3312 (13 uniques)	3296 (13 uniques)	3283 (12 uniques)	3278 (11 uniques)	3278 (11 uniques)	3278 (11 uniques)	3278 (11 uniques)	3278 (11 uniques)	2500 (11 uniques)	2500 (11 uniques)
Acer210_S239_L001	9567	7803	7803	7803 (1982 uniques)	7736 (11 uniques)	7692 (9 uniques)	7529 (7 uniques)	7529 (7 uniques)	7529 (7 uniques)	7529 (7 uniques)	7529 (7 uniques)	7529 (7 uniques)	2500 (7 uniques)	2500 (7 uniques)
Acer211_S240_L001	9528	7408	7408	7408 (2274 uniques)	7345 (19 uniques)	7296 (14 uniques)	5949 (8 uniques)	5915 (5 uniques)	5915 (5 uniques)	5915 (5 uniques)	5915 (5 uniques)	5915 (5 uniques)	2500 (5 uniques)	2500 (5 uniques)
Acer212R_S303_L001	50631	42367	42367	42367 (4665 uniques)	42215 (88 uniques)	41965 (67 uniques)	41410 (61 uniques)	41410 (61 uniques)	41410 (61 uniques)	41410 (59 uniques)	41382 (56 uniques)	41382 (56 uniques)	2500 (30 uniques)	2500 (30 uniques)
Acer212_S241_L001	79608	62185	62185	62185 (11778 uniques)	61945 (33 uniques)	61562 (25 uniques)	56973 (19 uniques)	56770 (13 uniques)	56770 (13 uniques)	56770 (10 uniques)	56770 (10 uniques)	56770 (10 uniques)	2500 (9 uniques)	2500 (9 uniques)
Acer213_S242_L001	43147	34069	34069	34069 (7369 uniques)	33916 (21 uniques)	33795 (17 uniques)	30510 (11 uniques)	30462 (9 uniques)	30462 (9 uniques)	30462 (9 uniques)	30445 (8 uniques)	30445 (8 uniques)	2500 (7 uniques)	2500 (7 uniques)
Acer214_S243_L001	87281	68472	68472	68472 (13013 uniques)	68171 (41 uniques)	67809 (29 uniques)	62555 (22 uniques)	62299 (16 uniques)	62299 (16 uniques)	62299 (13 uniques)	62299 (13 uniques)	62299 (13 uniques)	2500 (8 uniques)	2500 (8 uniques)
Acer215R_S304_L001	50553	39929	39929	39929 (6185 uniques)	39747 (101 uniques)	39471 (85 uniques)	38815 (78 uniques)	38728 (74 uniques)	38728 (74 uniques)	38728 (70 uniques)	38638 (65 uniques)	38638 (65 uniques)	2500 (48 uniques)	2500 (48 uniques)
Acer215_S244_L001	45315	35362	35362	35362 (8021 uniques)	35206 (33 uniques)	34985 (24 uniques)	30050 (18 uniques)	29921 (13 uniques)	29921 (13 uniques)	29921 (12 uniques)	29921 (12 uniques)	29921 (12 uniques)	2500 (9 uniques)	2500 (9 uniques)
Acer216_S245_L001	63370	44822	44822	44822 (17686 uniques)	44103 (399 uniques)	42093 (227 uniques)	16091 (219 uniques)	16091 (219 uniques)	16091 (219 uniques)	16091 (208 uniques)	14829 (199 uniques)	14827 (198 uniques)	2500 (170 uniques)	2500 (169 uniques)
Acer217R_S305_L001	74480	58052	58052	58052 (7159 uniques)	57831 (103 uniques)	57376 (84 uniques)	56741 (74 uniques)	56618 (68 uniques)	56618 (68 uniques)	56618 (58 uniques)	56540 (53 uniques)	56540 (53 uniques)	2500 (29 uniques)	2500 (29 uniques)
Acer217_S246_L001	186995	147682	147682	147682 (25023 uniques)	147272 (68 uniques)	146500 (44 uniques)	135503 (36 uniques)	135267 (31 uniques)	135267 (31 uniques)	135267 (27 uniques)	135262 (26 uniques)	135262 (26 uniques)	2500 (11 uniques)	2500 (11 uniques)
Acer218_S247_L001	60965	48713	48713	48713 (9453 uniques)	48538 (32 uniques)	48314 (21 uniques)	42868 (15 uniques)	42842 (14 uniques)	42842 (14 uniques)	42842 (14 uniques)	42842 (14 uniques)	42842 (14 uniques)	2500 (9 uniques)	2500 (9 uniques)
Acer219_S248_L001	49944	39716	39716	39716 (8807 uniques)	39576 (44 uniques)	39291 (26 uniques)	34850 (19 uniques)	34730 (16 uniques)	34730 (16 uniques)	34730 (16 uniques)	34671 (14 uniques)	34671 (14 uniques)	2500 (11 uniques)	2500 (11 uniques)
Acer21_S21_L001	3157	2533	2533	2533 (459 uniques)	2490 (11 uniques)	2469 (8 uniques)	2469 (8 uniques)	2462 (7 uniques)	2462 (7 uniques)	2462 (7 uniques)	2462 (7 uniques)	2462 (7 uniques)	/	/
Acer220_S249_L001	136973	100026	100026	100026 (23731 uniques)	99697 (83 uniques)	98846 (69 uniques)	78582 (61 uniques)	77588 (33 uniques)	77588 (33 uniques)	77588 (27 uniques)	77503 (25 uniques)	77503 (25 uniques)	2500 (8 uniques)	2500 (8 uniques)
Acer221_S250_L001	95176	72894	72894	72894 (14555 uniques)	72561 (54 uniques)	72132 (39 uniques)	64303 (33 uniques)	63987 (25 uniques)	63987 (25 uniques)	63987 (20 uniques)	63977 (18 uniques)	63977 (18 uniques)	2500 (12 uniques)	2500 (12 uniques)
Acer222R_S306_L001	63972	54283	54283	54283 (6672 uniques)	54095 (128 uniques)	53731 (102 uniques)	53034 (96 uniques)	52975 (93 uniques)	52975 (93 uniques)	52975 (87 uniques)	52885 (80 uniques)	52885 (80 uniques)	2500 (42 uniques)	2500 (42 uniques)
Acer222_S251_L001	75663	61965	61965	61965 (10101 uniques)	61746 (29 uniques)	61509 (22 uniques)	59213 (15 uniques)	59202 (14 uniques)	59202 (14 uniques)	59202 (14 uniques)	59202 (14 uniques)	59202 (14 uniques)	2500 (8 uniques)	2500 (8 uniques)
Acer223R_S307_L001	56233	45189	45189	45189 (7377 uniques)	44974 (137 uniques)	44608 (110 uniques)	43914 (105 uniques)	43710 (98 uniques)	43710 (98 uniques)	43710 (91 uniques)	43551 (82 uniques)	43551 (82 uniques)	2500 (54 uniques)	2500 (54 uniques)
Acer223_S252_L001	59080	45753	45753	45753 (10698 uniques)	45530 (58 uniques)	45187 (35 uniques)	39750 (28 uniques)	39512 (21 uniques)	39512 (21 uniques)	39512 (18 uniques)	39435 (16 uniques)	39435 (16 uniques)	2500 (11 uniques)	2500 (11 uniques)
Acer224_S253_L001	83499	65221	65221	65221 (13109 uniques)	64986 (49 uniques)	64591 (34 uniques)	55575 (27 uniques)	55300 (19 uniques)	55300 (19 uniques)	55300 (19 uniques)	55283 (17 uniques)	55283 (17 uniques)	2500 (8 uniques)	2500 (8 uniques)
Acer225R_S308_L001	62298	50185	50185	50185 (8627 uniques)	49709 (379 uniques)	48471 (272 uniques)	48217 (267 uniques)	48134 (264 uniques)	48134 (264 uniques)	48134 (249 uniques)	47251 (239 uniques)	47247 (237 uniques)	2500 (129 uniques)	2500 (129 uniques)
Acer225_S254_L001	23192	18859	18859	18859 (4005 uniques)	18781 (16 uniques)	18720 (13 uniques)	17123 (7 uniques)	17106 (6 uniques)	17106 (6 uniques)	17106 (6 uniques)	17106 (6 uniques)	17106 (6 uniques)	2500 (6 uniques)	2500 (6 uniques)
Acer226_S255_L001	9559	7373	7373	7373 (2213 uniques)	7325 (17 uniques)	7283 (15 uniques)	6090 (9 uniques)	6090 (9 uniques)	6090 (9 uniques)	6090 (9 uniques)	6090 (9 uniques)	6090 (9 uniques)	2500 (9 uniques)	2500 (9 uniques)
Acer227_S256_L001	6831	5248	5248	5248 (1636 uniques)	5219 (13 uniques)	5199 (13 uniques)	4319 (7 uniques)	4319 (7 uniques)	4319 (7 uniques)	4319 (7 uniques)	4319 (7 uniques)	4319 (7 uniques)	2500 (7 uniques)	2500 (7 uniques)
Acer228_S257_L001	97430	76124	76124	76124 (13351 uniques)	75799 (42 uniques)	75328 (31 uniques)	68308 (24 uniques)	68077 (16 uniques)	68077 (16 uniques)	68077 (15 uniques)	67833 (14 uniques)	67833 (14 uniques)	2500 (10 uniques)	2500 (10 uniques)
Acer229_S258_L001	61116	49307	49307	49307 (9010 uniques)	49120 (29 uniques)	48956 (18 uniques)	43655 (12 uniques)	43655 (12 uniques)	43655 (12 uniques)	43655 (12 uniques)	43655 (12 uniques)	43655 (12 uniques)	2500 (9 uniques)	2500 (9 uniques)
Acer22_S22_L001	4255	3413	3413	3413 (703 uniques)	3371 (10 uniques)	3339 (6 uniques)	3339 (6 uniques)	3339 (6 uniques)	3339 (6 uniques)	3339 (6 uniques)	3339 (6 uniques)	3339 (6 uniques)	2500 (6 uniques)	2500 (6 uniques)
Acer230_S259_L001	65748	51253	51253	51253 (10355 uniques)	51096 (36 uniques)	50781 (29 uniques)	44162 (23 uniques)	44116 (20 uniques)	44116 (20 uniques)	44116 (20 uniques)	44104 (19 uniques)	44104 (19 uniques)	2500 (10 uniques)	2500 (10 uniques)
Acer231_S260_L001	59587	46596	46596	46596 (10275 uniques)	46243 (60 uniques)	45952 (36 uniques)	38416 (30 uniques)	38333 (28 uniques)	38333 (28 uniques)	38333 (26 uniques)	38310 (24 uniques)	38308 (23 uniques)	2500 (15 uniques)	2500 (15 uniques)
Acer232R_S309_L001	84043	66202	66202	66202 (8333 uniques)	65981 (98 uniques)	65545 (80 uniques)	64440 (74 uniques)	64317 (70 uniques)	64317 (70 uniques)	64317 (67 uniques)	64314 (66 uniques)	64314 (66 uniques)	2500 (42 uniques)	2500 (42 uniques)
Acer232_S261_L001	65289	44115	44115	44115 (14022 uniques)	43951 (46 uniques)	43548 (37 uniques)	24871 (29 uniques)	24822 (26 uniques)	24822 (26 uniques)	24822 (24 uniques)	24817 (23 uniques)	24817 (23 uniques)	2500 (16 uniques)	2500 (16 uniques)
Acer233_S262_L001	80778	64756	64756	64756 (11925 uniques)	64542 (36 uniques)	64319 (25 uniques)	56562 (19 uniques)	56562 (19 uniques)	56562 (19 uniques)	56562 (19 uniques)	56558 (18 uniques)	56558 (18 uniques)	2500 (9 uniques)	2500 (9 uniques)
Acer234R_S310_L001	39871	31732	31732	31732 (4533 uniques)	31604 (78 uniques)	31357 (59 uniques)	30716 (53 uniques)	30704 (52 uniques)	30704 (52 uniques)	30704 (49 uniques)	30638 (43 uniques)	30638 (43 uniques)	2500 (31 uniques)	2500 (31 uniques)
Acer234_S263_L001	131708	101427	101427	101427 (19061 uniques)	101071 (59 uniques)	100546 (45 uniques)	87575 (38 uniques)	87374 (32 uniques)	87374 (32 uniques)	87374 (28 uniques)	87374 (28 uniques)	87374 (28 uniques)	2500 (11 uniques)	2500 (11 uniques)
Acer235R_S311_L001	40730	33496	33496	33496 (3828 uniques)	33350 (51 uniques)	33181 (33 uniques)	32889 (29 uniques)	32857 (28 uniques)	32857 (28 uniques)	32857 (28 uniques)	32857 (28 uniques)	32855 (27 uniques)	2500 (17 uniques)	2500 (17 uniques)
Acer235_S264_L001	103865	79495	79495	79495 (19268 uniques)	79195 (78 uniques)	78762 (64 uniques)	63178 (57 uniques)	62527 (39 uniques)	62527 (39 uniques)	62527 (32 uniques)	62522 (31 uniques)	62522 (31 uniques)	2500 (17 uniques)	2500 (17 uniques)
Acer236R_S312_L001	52522	42537	42537	42537 (5866 uniques)	42345 (85 uniques)	41958 (63 uniques)	41437 (59 uniques)	41390 (56 uniques)	41390 (56 uniques)	41390 (54 uniques)	41366 (51 uniques)	41366 (51 uniques)	2500 (30 uniques)	2500 (30 uniques)
Acer236_S265_L001	57901	45780	45780	45780 (9209 uniques)	45598 (28 uniques)	45406 (21 uniques)	38766 (13 uniques)	38699 (11 uniques)	38699 (11 uniques)	38699 (11 uniques)	38699 (11 uniques)	38699 (11 uniques)	2500 (7 uniques)	2500 (7 uniques)
Acer237_S266_L001	34243	26989	26989	26989 (5670 uniques)	26761 (36 uniques)	26501 (27 uniques)	24804 (20 uniques)	24706 (15 uniques)	24706 (15 uniques)	24706 (12 uniques)	24694 (11 uniques)	24694 (11 uniques)	2500 (9 uniques)	2500 (9 uniques)
Acer238_S267_L001	110906	89510	89510	89510 (15282 uniques)	89202 (38 uniques)	88879 (26 uniques)	82098 (20 uniques)	81986 (17 uniques)	81986 (17 uniques)	81986 (13 uniques)	81986 (13 uniques)	81986 (13 uniques)	2500 (8 uniques)	2500 (8 uniques)
Acer239_S268_L001	43874	31853	31853	31853 (10347 uniques)	31678 (64 uniques)	31416 (44 uniques)	20501 (38 uniques)	20481 (37 uniques)	20481 (37 uniques)	20481 (37 uniques)	20454 (35 uniques)	20454 (35 uniques)	2500 (30 uniques)	2500 (30 uniques)
Acer23_S23_L001	2848	2182	2182	2182 (463 uniques)	2155 (8 uniques)	2146 (7 uniques)	2146 (7 uniques)	2146 (7 uniques)	2146 (7 uniques)	2146 (7 uniques)	2146 (7 uniques)	2146 (7 uniques)	/	/
Acer240_S269_L001	53219	42673	42673	42673 (8664 uniques)	42438 (34 uniques)	42267 (23 uniques)	37540 (17 uniques)	37440 (15 uniques)	37440 (15 uniques)	37440 (12 uniques)	37427 (10 uniques)	37427 (10 uniques)	2500 (9 uniques)	2500 (9 uniques)
Acer241_S270_L001	58647	46453	46453	46453 (8888 uniques)	46255 (32 uniques)	46084 (21 uniques)	41482 (15 uniques)	41366 (13 uniques)	41366 (13 uniques)	41366 (10 uniques)	41366 (10 uniques)	41366 (10 uniques)	2500 (5 uniques)	2500 (5 uniques)
Acer242_S271_L001	55608	43630	43630	43630 (8178 uniques)	43447 (29 uniques)	43242 (25 uniques)	39427 (19 uniques)	39334 (17 uniques)	39334 (17 uniques)	39334 (13 uniques)	39329 (12 uniques)	39329 (12 uniques)	2500 (9 uniques)	2500 (9 uniques)
Acer243_S272_L001	61907	49162	49162	49162 (10130 uniques)	48970 (33 uniques)	48782 (22 uniques)	41437 (16 uniques)	41433 (15 uniques)	41433 (15 uniques)	41433 (14 uniques)	41433 (14 uniques)	41433 (14 uniques)	2500 (12 uniques)	2500 (12 uniques)
Acer244_S108_L001	65643	51478	51478	51478 (7279 uniques)	51283 (99 uniques)	50849 (76 uniques)	49910 (69 uniques)	49606 (59 uniques)	49606 (59 uniques)	49606 (53 uniques)	49561 (50 uniques)	49561 (50 uniques)	2500 (28 uniques)	2500 (28 uniques)
Acer245_S120_L001	9348	7428	7428	7428 (1390 uniques)	7374 (19 uniques)	7330 (14 uniques)	7186 (12 uniques)	7167 (10 uniques)	7167 (10 uniques)	7167 (10 uniques)	7167 (10 uniques)	7167 (10 uniques)	2500 (8 uniques)	2500 (8 uniques)
Acer246_S132_L001	63524	51417	51417	51417 (6529 uniques)	51257 (85 uniques)	50943 (64 uniques)	50176 (59 uniques)	50130 (58 uniques)	50130 (58 uniques)	50130 (53 uniques)	50125 (52 uniques)	50125 (52 uniques)	2500 (33 uniques)	2500 (33 uniques)
Acer247_S144_L001	15795	12453	12453	12453 (2129 uniques)	12357 (35 uniques)	12287 (28 uniques)	12033 (23 uniques)	11984 (21 uniques)	11984 (21 uniques)	11984 (20 uniques)	11975 (18 uniques)	11975 (18 uniques)	2500 (15 uniques)	2500 (15 uniques)
Acer248_S156_L001	13990	11352	11352	11352 (1792 uniques)	11250 (23 uniques)	11209 (18 uniques)	11041 (16 uniques)	11041 (16 uniques)	11041 (16 uniques)	11041 (15 uniques)	11019 (13 uniques)	11019 (13 uniques)	2500 (13 uniques)	2500 (13 uniques)
Acer249_S168_L001	16817	14378	14378	14378 (2159 uniques)	14328 (28 uniques)	14290 (23 uniques)	13905 (18 uniques)	13889 (17 uniques)	13889 (17 uniques)	13889 (17 uniques)	13881 (16 uniques)	13881 (16 uniques)	2500 (14 uniques)	2500 (14 uniques)
Acer24_S24_L001	3528	2819	2819	2819 (603 uniques)	2789 (13 uniques)	2746 (9 uniques)	2746 (9 uniques)	2746 (9 uniques)	2746 (9 uniques)	2746 (9 uniques)	2746 (9 uniques)	2746 (9 uniques)	2500 (9 uniques)	2500 (9 uniques)
Acer250_S180_L001	55385	44074	44074	44074 (4984 uniques)	43893 (82 uniques)	43575 (51 uniques)	43093 (45 uniques)	43032 (43 uniques)	43032 (43 uniques)	43032 (41 uniques)	43000 (38 uniques)	43000 (38 uniques)	2500 (21 uniques)	2500 (21 uniques)
Acer251_S192_L001	34513	28720	28720	28720 (3796 uniques)	28590 (54 uniques)	28428 (38 uniques)	28018 (34 uniques)	27956 (32 uniques)	27956 (32 uniques)	27956 (26 uniques)	27956 (26 uniques)	27956 (26 uniques)	2500 (22 uniques)	2500 (22 uniques)
Acer252_S273_L001	37679	32630	32630	32630 (7285 uniques)	32509 (29 uniques)	32415 (23 uniques)	29315 (17 uniques)	29178 (14 uniques)	29178 (14 uniques)	29178 (11 uniques)	29171 (10 uniques)	29171 (10 uniques)	2500 (8 uniques)	2500 (8 uniques)
Acer253_S274_L001	29449	23459	23459	23459 (5263 uniques)	23367 (31 uniques)	23216 (24 uniques)	20502 (18 uniques)	20448 (16 uniques)	20448 (16 uniques)	20448 (15 uniques)	20448 (15 uniques)	20448 (15 uniques)	2500 (11 uniques)	2500 (11 uniques)
Acer254_S275_L001	42137	33865	33865	33865 (6553 uniques)	33712 (17 uniques)	33603 (13 uniques)	30700 (7 uniques)	30649 (5 uniques)	30649 (5 uniques)	30649 (5 uniques)	30649 (5 uniques)	30649 (5 uniques)	2500 (5 uniques)	2500 (5 uniques)
Acer255_S276_L001	47758	37598	37598	37598 (7360 uniques)	37445 (28 uniques)	37217 (21 uniques)	34466 (15 uniques)	34339 (10 uniques)	34339 (10 uniques)	34339 (10 uniques)	34333 (9 uniques)	34333 (9 uniques)	2500 (8 uniques)	2500 (8 uniques)
Acer256_S277_L001	108932	90533	90533	90533 (17591 uniques)	90249 (60 uniques)	90008 (62 uniques)	85002 (54 uniques)	84435 (39 uniques)	84435 (39 uniques)	84435 (23 uniques)	77766 (22 uniques)	77766 (22 uniques)	2500 (13 uniques)	2500 (13 uniques)
Acer257_S278_L001	40409	31548	31548	31548 (6422 uniques)	31416 (21 uniques)	31269 (15 uniques)	28844 (9 uniques)	28735 (5 uniques)	28735 (5 uniques)	28735 (5 uniques)	28735 (5 uniques)	28735 (5 uniques)	2500 (5 uniques)	2500 (5 uniques)
Acer258_S279_L001	53997	42357	42357	42357 (8704 uniques)	42185 (41 uniques)	41897 (26 uniques)	36297 (20 uniques)	36178 (16 uniques)	36178 (16 uniques)	36178 (16 uniques)	36132 (14 uniques)	36132 (14 uniques)	2500 (8 uniques)	2500 (8 uniques)
Acer259_S280_L001	72285	56400	56400	56400 (10779 uniques)	56180 (28 uniques)	55901 (21 uniques)	49211 (14 uniques)	49174 (13 uniques)	49174 (13 uniques)	49174 (10 uniques)	49174 (10 uniques)	49174 (10 uniques)	2500 (7 uniques)	2500 (7 uniques)
Acer25_S25_L001	5758	4597	4597	4597 (818 uniques)	4562 (10 uniques)	4545 (8 uniques)	4536 (7 uniques)	4528 (6 uniques)	4528 (6 uniques)	4528 (6 uniques)	4528 (6 uniques)	4528 (6 uniques)	2500 (6 uniques)	2500 (6 uniques)
Acer260_S281_L001	34806	27937	27937	27937 (5533 uniques)	27821 (19 uniques)	27710 (14 uniques)	23714 (8 uniques)	23714 (8 uniques)	23714 (8 uniques)	23714 (8 uniques)	23714 (8 uniques)	23714 (8 uniques)	2500 (6 uniques)	2500 (6 uniques)
Acer261_S282_L001	71108	57300	57300	57300 (10860 uniques)	57115 (43 uniques)	56817 (33 uniques)	54004 (27 uniques)	53707 (17 uniques)	53707 (17 uniques)	53707 (14 uniques)	53700 (13 uniques)	53700 (13 uniques)	2500 (9 uniques)	2500 (9 uniques)
Acer262_S283_L001	70895	56210	56210	56210 (10894 uniques)	56004 (41 uniques)	55770 (34 uniques)	49721 (28 uniques)	49644 (23 uniques)	49644 (23 uniques)	49644 (19 uniques)	49640 (18 uniques)	49640 (18 uniques)	2500 (11 uniques)	2500 (11 uniques)
Acer263_S284_L001	66274	52475	52475	52475 (9621 uniques)	52240 (34 uniques)	52005 (27 uniques)	46504 (21 uniques)	46493 (20 uniques)	46493 (20 uniques)	46493 (20 uniques)	46488 (19 uniques)	46486 (18 uniques)	2500 (11 uniques)	2500 (11 uniques)
Acer264_S285_L001	35837	24344	24344	24344 (9252 uniques)	24214 (60 uniques)	24001 (37 uniques)	8671 (29 uniques)	8671 (29 uniques)	8671 (29 uniques)	8671 (29 uniques)	8671 (29 uniques)	8671 (29 uniques)	2500 (24 uniques)	2500 (24 uniques)
Acer265_S286_L001	49521	34324	34324	34324 (11790 uniques)	34137 (74 uniques)	33842 (55 uniques)	14226 (48 uniques)	14193 (46 uniques)	14193 (46 uniques)	14193 (45 uniques)	14178 (43 uniques)	14178 (43 uniques)	2500 (34 uniques)	2500 (34 uniques)
Acer266_S287_L001	22024	17408	17408	17408 (4262 uniques)	17298 (16 uniques)	17259 (14 uniques)	14582 (8 uniques)	14582 (8 uniques)	14582 (8 uniques)	14582 (8 uniques)	14582 (8 uniques)	14582 (8 uniques)	2500 (7 uniques)	2500 (7 uniques)
Acer267_S288_L001	54312	42234	42234	42234 (8678 uniques)	42085 (25 uniques)	41827 (22 uniques)	37088 (16 uniques)	36892 (10 uniques)	36892 (10 uniques)	36892 (9 uniques)	36892 (9 uniques)	36892 (9 uniques)	2500 (9 uniques)	2500 (9 uniques)
Acer268_S107_L001	61265	49775	49775	49775 (5774 uniques)	49618 (60 uniques)	49373 (47 uniques)	48792 (41 uniques)	48627 (35 uniques)	48627 (35 uniques)	48627 (34 uniques)	48332 (30 uniques)	48332 (30 uniques)	2500 (22 uniques)	2500 (22 uniques)
Acer269_S119_L001	11157	9212	9212	9212 (1431 uniques)	9115 (16 uniques)	9059 (6 uniques)	8899 (5 uniques)	8899 (5 uniques)	8899 (5 uniques)	8899 (5 uniques)	8899 (5 uniques)	8899 (5 uniques)	2500 (5 uniques)	2500 (5 uniques)
Acer26_S26_L001	9684	7592	7592	7592 (1349 uniques)	7528 (19 uniques)	7472 (14 uniques)	7436 (13 uniques)	7426 (12 uniques)	7426 (12 uniques)	7426 (12 uniques)	7426 (12 uniques)	7426 (12 uniques)	2500 (12 uniques)	2500 (12 uniques)
Acer270_S131_L001	55469	45551	45551	45551 (6694 uniques)	45427 (53 uniques)	45238 (48 uniques)	44537 (41 uniques)	44232 (33 uniques)	44232 (33 uniques)	44232 (25 uniques)	44177 (23 uniques)	44177 (23 uniques)	2500 (14 uniques)	2500 (14 uniques)
Acer271_S143_L001	23821	18912	18912	18912 (3210 uniques)	18784 (51 uniques)	18645 (40 uniques)	18019 (35 uniques)	17985 (34 uniques)	17985 (34 uniques)	17985 (34 uniques)	17964 (31 uniques)	17962 (30 uniques)	2500 (23 uniques)	2500 (23 uniques)
Acer272_S155_L001	80	62	62	62 (19 uniques)	56 (2 uniques)	52 (1 uniques)	52 (1 uniques)	52 (1 uniques)	52 (1 uniques)	52 (1 uniques)	52 (1 uniques)	52 (1 uniques)	/	/
Acer272b_S300_L001	30478	22714	22714	22714 (4935 uniques)	22634 (43 uniques)	22433 (36 uniques)	21774 (29 uniques)	21711 (27 uniques)	21711 (27 uniques)	21711 (24 uniques)	21711 (24 uniques)	21711 (24 uniques)	2500 (22 uniques)	2500 (22 uniques)
Acer273_S167_L001	66055	50734	50734	50734 (8908 uniques)	50505 (143 uniques)	49990 (119 uniques)	48287 (109 uniques)	48137 (103 uniques)	48137 (103 uniques)	48137 (91 uniques)	48020 (83 uniques)	48020 (83 uniques)	2500 (47 uniques)	2500 (47 uniques)
Acer274_S179_L001	72616	57720	57720	57720 (7616 uniques)	57489 (87 uniques)	57146 (69 uniques)	56408 (63 uniques)	56077 (57 uniques)	56077 (57 uniques)	56077 (53 uniques)	55701 (50 uniques)	55701 (50 uniques)	2500 (24 uniques)	2500 (24 uniques)
Acer275_S154_L001	17358	13877	13877	13877 (2595 uniques)	13768 (37 uniques)	13653 (26 uniques)	13242 (22 uniques)	13217 (20 uniques)	13217 (20 uniques)	13217 (20 uniques)	13217 (20 uniques)	13215 (19 uniques)	2500 (16 uniques)	2500 (16 uniques)
Acer276_S166_L001	36063	29261	29261	29261 (4247 uniques)	29151 (86 uniques)	28845 (61 uniques)	28615 (59 uniques)	28615 (59 uniques)	28615 (59 uniques)	28615 (57 uniques)	28577 (53 uniques)	28577 (53 uniques)	2500 (38 uniques)	2500 (38 uniques)
Acer277_S178_L001	65248	51491	51491	51491 (7163 uniques)	51307 (83 uniques)	50919 (65 uniques)	49929 (59 uniques)	49811 (56 uniques)	49811 (56 uniques)	49811 (52 uniques)	49787 (49 uniques)	49787 (49 uniques)	2500 (29 uniques)	2500 (29 uniques)
Acer278_S142_L001	152	/	/	/	/	/	/	/	/	/	/	/	/	/
Acer279_S130_L001	68967	55250	55250	55250 (7227 uniques)	55024 (98 uniques)	54690 (78 uniques)	53283 (72 uniques)	53181 (68 uniques)	53181 (68 uniques)	53181 (59 uniques)	53130 (56 uniques)	53130 (56 uniques)	2500 (31 uniques)	2500 (31 uniques)
Acer27_S27_L001	8910	7024	7024	7024 (992 uniques)	6976 (34 uniques)	6907 (21 uniques)	6808 (19 uniques)	6808 (19 uniques)	6808 (19 uniques)	6808 (19 uniques)	6808 (19 uniques)	6808 (19 uniques)	2500 (19 uniques)	2500 (19 uniques)
Acer28_S28_L001	12368	10252	10252	10252 (1346 uniques)	10191 (31 uniques)	10134 (20 uniques)	10102 (19 uniques)	10077 (17 uniques)	10077 (17 uniques)	10077 (17 uniques)	10032 (16 uniques)	10032 (16 uniques)	2500 (14 uniques)	2500 (14 uniques)
Acer29_S29_L001	18225	13102	13102	13102 (2482 uniques)	13042 (29 uniques)	12916 (24 uniques)	12842 (23 uniques)	12828 (22 uniques)	12828 (22 uniques)	12828 (22 uniques)	12812 (19 uniques)	12810 (18 uniques)	2500 (16 uniques)	2500 (16 uniques)
Acer2_S2_L001	16278	13136	13136	13136 (1590 uniques)	13072 (24 uniques)	12994 (17 uniques)	12966 (16 uniques)	12960 (15 uniques)	12960 (15 uniques)	12960 (15 uniques)	12954 (14 uniques)	12952 (13 uniques)	2500 (12 uniques)	2500 (12 uniques)
Acer30_S30_L001	4398	3468	3468	3468 (743 uniques)	3442 (14 uniques)	3414 (11 uniques)	3401 (10 uniques)	3401 (10 uniques)	3401 (10 uniques)	3401 (9 uniques)	3401 (9 uniques)	3401 (9 uniques)	2500 (9 uniques)	2500 (9 uniques)
Acer31_S31_L001	1724	1281	1281	1281 (412 uniques)	1228 (32 uniques)	1176 (22 uniques)	1117 (21 uniques)	1117 (21 uniques)	1117 (21 uniques)	1117 (21 uniques)	1113 (19 uniques)	1113 (19 uniques)	/	/
Acer32_S32_L001	13128	10569	10569	10569 (1501 uniques)	10494 (17 uniques)	10439 (11 uniques)	10421 (10 uniques)	10412 (9 uniques)	10412 (9 uniques)	10412 (9 uniques)	10404 (8 uniques)	10404 (8 uniques)	2500 (8 uniques)	2500 (8 uniques)
Acer339_S313_L001	124075	99372	99372	99372 (11533 uniques)	99118 (67 uniques)	98688 (55 uniques)	98120 (50 uniques)	97781 (46 uniques)	97781 (46 uniques)	97781 (35 uniques)	97743 (32 uniques)	97743 (32 uniques)	2500 (16 uniques)	2500 (16 uniques)
Acer33_S33_L001	1299	1099	1099	1099 (293 uniques)	1079 (19 uniques)	1040 (9 uniques)	1021 (8 uniques)	1021 (8 uniques)	1021 (8 uniques)	1021 (8 uniques)	1021 (8 uniques)	1021 (8 uniques)	/	/
Acer340_S314_L001	89349	73349	73349	73349 (9029 uniques)	73106 (126 uniques)	72725 (105 uniques)	71802 (97 uniques)	71709 (93 uniques)	71709 (93 uniques)	71709 (85 uniques)	71488 (78 uniques)	71488 (78 uniques)	2500 (40 uniques)	2500 (40 uniques)
Acer341_S315_L001	239201	180029	180029	180029 (22482 uniques)	179627 (127 uniques)	177034 (124 uniques)	175704 (118 uniques)	174057 (89 uniques)	174057 (89 uniques)	174057 (61 uniques)	172513 (55 uniques)	172513 (55 uniques)	2500 (17 uniques)	2500 (17 uniques)
Acer343_S316_L001	123540	98422	98422	98422 (12961 uniques)	98026 (225 uniques)	97291 (198 uniques)	96134 (188 uniques)	95702 (183 uniques)	95702 (183 uniques)	95702 (154 uniques)	95437 (143 uniques)	95437 (143 uniques)	2500 (64 uniques)	2500 (64 uniques)
Acer345_S317_L001	139720	111330	111330	111330 (13867 uniques)	110978 (100 uniques)	110434 (94 uniques)	109504 (87 uniques)	109016 (70 uniques)	109016 (70 uniques)	109016 (56 uniques)	108950 (51 uniques)	108950 (51 uniques)	2500 (26 uniques)	2500 (26 uniques)
Acer346_S318_L001	73842	60684	60684	60684 (6949 uniques)	60488 (82 uniques)	60198 (57 uniques)	59753 (52 uniques)	59660 (49 uniques)	59660 (49 uniques)	59660 (47 uniques)	59597 (44 uniques)	59597 (44 uniques)	2500 (22 uniques)	2500 (22 uniques)
Acer34_S34_L001	6936	5465	5465	5465 (1010 uniques)	5415 (27 uniques)	5314 (16 uniques)	5294 (15 uniques)	5285 (14 uniques)	5285 (14 uniques)	5285 (14 uniques)	5252 (13 uniques)	5252 (13 uniques)	2500 (13 uniques)	2500 (13 uniques)
Acer350_S319_L001	86225	68448	68448	68448 (9104 uniques)	68216 (98 uniques)	67666 (72 uniques)	66643 (64 uniques)	66282 (55 uniques)	66282 (55 uniques)	66282 (50 uniques)	66255 (47 uniques)	66255 (47 uniques)	2500 (27 uniques)	2500 (27 uniques)
Acer355_S320_L001	90437	71692	71692	71692 (8926 uniques)	71499 (67 uniques)	71108 (59 uniques)	70674 (54 uniques)	70306 (42 uniques)	70306 (42 uniques)	70306 (36 uniques)	70299 (35 uniques)	70299 (35 uniques)	2500 (15 uniques)	2500 (15 uniques)
Acer356_S321_L001	76020	60863	60863	60863 (6770 uniques)	60677 (43 uniques)	60355 (38 uniques)	59796 (32 uniques)	59541 (24 uniques)	59541 (24 uniques)	59541 (23 uniques)	59534 (22 uniques)	59534 (22 uniques)	2500 (15 uniques)	2500 (15 uniques)
Acer357_S322_L001	58119	46403	46403	46403 (6304 uniques)	46173 (80 uniques)	45897 (67 uniques)	44949 (61 uniques)	44850 (58 uniques)	44850 (58 uniques)	44850 (52 uniques)	44803 (49 uniques)	44803 (49 uniques)	2500 (30 uniques)	2500 (30 uniques)
Acer358_S323_L001	10922	8649	8649	8649 (1469 uniques)	8594 (15 uniques)	8519 (9 uniques)	8464 (8 uniques)	8449 (7 uniques)	8449 (7 uniques)	8449 (7 uniques)	8445 (6 uniques)	8445 (6 uniques)	2500 (6 uniques)	2500 (6 uniques)
Acer35_S35_L001	7418	5771	5771	5771 (1149 uniques)	5716 (16 uniques)	5675 (14 uniques)	5661 (13 uniques)	5661 (13 uniques)	5661 (13 uniques)	5661 (13 uniques)	5657 (12 uniques)	5657 (12 uniques)	2500 (12 uniques)	2500 (12 uniques)
Acer362_S324_L001	60345	49379	49379	49379 (6134 uniques)	49198 (62 uniques)	49004 (47 uniques)	48496 (42 uniques)	48412 (39 uniques)	48412 (39 uniques)	48412 (36 uniques)	48298 (33 uniques)	48298 (33 uniques)	2500 (23 uniques)	2500 (23 uniques)
Acer364_S325_L001	341030	276681	276681	276681 (26404 uniques)	276127 (157 uniques)	275101 (154 uniques)	272150 (143 uniques)	271198 (129 uniques)	271198 (129 uniques)	271198 (96 uniques)	271024 (89 uniques)	271024 (89 uniques)	2500 (28 uniques)	2500 (28 uniques)
Acer365_S326_L001	132010	105800	105800	105800 (12834 uniques)	105497 (134 uniques)	104981 (129 uniques)	102793 (117 uniques)	102341 (103 uniques)	102341 (103 uniques)	102341 (87 uniques)	100243 (78 uniques)	100243 (78 uniques)	2500 (46 uniques)	2500 (46 uniques)
Acer366_S327_L001	79947	64819	64819	64819 (7105 uniques)	64630 (42 uniques)	64375 (30 uniques)	64223 (28 uniques)	64095 (23 uniques)	64095 (23 uniques)	64095 (23 uniques)	64095 (23 uniques)	64095 (23 uniques)	2500 (13 uniques)	2500 (13 uniques)
Acer367_S328_L001	346683	282648	282648	282648 (30504 uniques)	281903 (116 uniques)	280988 (120 uniques)	277152 (109 uniques)	276261 (78 uniques)	276261 (78 uniques)	276261 (52 uniques)	273843 (50 uniques)	273843 (50 uniques)	2500 (26 uniques)	2500 (26 uniques)
Acer369_S329_L001	471224	370416	370416	370416 (40224 uniques)	369754 (150 uniques)	367562 (143 uniques)	363306 (127 uniques)	360915 (108 uniques)	360915 (108 uniques)	360915 (78 uniques)	357861 (72 uniques)	357861 (72 uniques)	2500 (23 uniques)	2500 (23 uniques)
Acer36_S36_L001	5220	4233	4233	4233 (698 uniques)	4188 (10 uniques)	4156 (6 uniques)	4144 (5 uniques)	4144 (5 uniques)	4144 (5 uniques)	4144 (5 uniques)	4144 (5 uniques)	4144 (5 uniques)	2500 (5 uniques)	2500 (5 uniques)
Acer370_S330_L001	95035	76743	76743	76743 (10227 uniques)	76551 (74 uniques)	76178 (63 uniques)	75149 (56 uniques)	74980 (52 uniques)	74980 (52 uniques)	74980 (46 uniques)	74933 (42 uniques)	74933 (42 uniques)	2500 (23 uniques)	2500 (23 uniques)
Acer372_S331_L001	397472	311604	311604	311604 (37040 uniques)	310698 (250 uniques)	308896 (234 uniques)	303647 (219 uniques)	302042 (196 uniques)	302042 (196 uniques)	302042 (159 uniques)	298205 (145 uniques)	298203 (144 uniques)	2500 (58 uniques)	2500 (58 uniques)
Acer373_S332_L001	92283	71374	71374	71374 (10457 uniques)	71178 (104 uniques)	70609 (85 uniques)	69391 (78 uniques)	69037 (67 uniques)	69037 (67 uniques)	69037 (57 uniques)	63575 (56 uniques)	63575 (56 uniques)	2500 (29 uniques)	2500 (29 uniques)
Acer37_S37_L001	20397	16027	16027	16027 (2036 uniques)	15930 (36 uniques)	15823 (23 uniques)	15790 (22 uniques)	15738 (20 uniques)	15738 (20 uniques)	15738 (18 uniques)	13091 (17 uniques)	13091 (17 uniques)	2500 (17 uniques)	2500 (17 uniques)
Acer38_S38_L001	21654	17317	17317	17317 (2279 uniques)	17194 (37 uniques)	17023 (25 uniques)	16942 (24 uniques)	16872 (21 uniques)	16872 (21 uniques)	16872 (20 uniques)	16872 (20 uniques)	16872 (20 uniques)	2500 (16 uniques)	2500 (16 uniques)
Acer395_S333_L001	103995	82654	82654	82654 (10337 uniques)	82388 (90 uniques)	81886 (82 uniques)	80946 (76 uniques)	80443 (61 uniques)	80443 (61 uniques)	80443 (53 uniques)	80420 (51 uniques)	80420 (51 uniques)	2500 (26 uniques)	2500 (26 uniques)
Acer398_S334_L001	64369	52806	52806	52806 (6661 uniques)	52631 (123 uniques)	52287 (100 uniques)	51467 (93 uniques)	51452 (92 uniques)	51452 (92 uniques)	51452 (88 uniques)	51391 (81 uniques)	51391 (81 uniques)	2500 (43 uniques)	2500 (43 uniques)
Acer39_S39_L001	6700	5353	5353	5353 (866 uniques)	5313 (15 uniques)	5274 (10 uniques)	5261 (9 uniques)	5246 (8 uniques)	5246 (8 uniques)	5246 (8 uniques)	5246 (8 uniques)	5246 (8 uniques)	2500 (7 uniques)	2500 (7 uniques)
Acer3_S3_L001	4278	3403	3403	3403 (620 uniques)	3376 (15 uniques)	3352 (9 uniques)	3352 (9 uniques)	3352 (9 uniques)	3352 (9 uniques)	3352 (9 uniques)	3352 (9 uniques)	3352 (9 uniques)	2500 (9 uniques)	2500 (9 uniques)
Acer402_S335_L001	72178	57800	57800	57800 (7539 uniques)	57610 (107 uniques)	57275 (92 uniques)	56238 (83 uniques)	56146 (81 uniques)	56146 (81 uniques)	56146 (73 uniques)	56089 (69 uniques)	56089 (69 uniques)	2500 (40 uniques)	2500 (40 uniques)
Acer406_S336_L001	60341	47946	47946	47946 (6125 uniques)	47726 (94 uniques)	47287 (62 uniques)	46757 (57 uniques)	46610 (53 uniques)	46610 (53 uniques)	46610 (53 uniques)	46586 (51 uniques)	46586 (51 uniques)	2500 (23 uniques)	2500 (23 uniques)
Acer40_S40_L001	70126	56469	56469	56469 (5452 uniques)	56271 (98 uniques)	55771 (64 uniques)	55632 (59 uniques)	55373 (50 uniques)	55373 (50 uniques)	55373 (45 uniques)	55349 (42 uniques)	55349 (42 uniques)	2500 (20 uniques)	2500 (20 uniques)
Acer410_S337_L001	40180	32715	32715	32715 (5035 uniques)	32566 (119 uniques)	32247 (85 uniques)	31684 (79 uniques)	31674 (78 uniques)	31674 (78 uniques)	31674 (76 uniques)	31595 (68 uniques)	31595 (68 uniques)	2500 (45 uniques)	2500 (45 uniques)
Acer413_S338_L001	564937	465008	465008	465008 (36092 uniques)	464429 (119 uniques)	462455 (110 uniques)	458768 (96 uniques)	458431 (84 uniques)	458431 (84 uniques)	458431 (56 uniques)	458345 (54 uniques)	458345 (54 uniques)	2500 (21 uniques)	2500 (21 uniques)
Acer414_S339_L001	31735	25879	25879	25879 (4099 uniques)	25781 (85 uniques)	25591 (69 uniques)	24818 (63 uniques)	24767 (60 uniques)	24767 (60 uniques)	24767 (58 uniques)	24672 (55 uniques)	24672 (55 uniques)	2500 (38 uniques)	2500 (38 uniques)
Acer415_S340_L001	53741	44099	44099	44099 (5047 uniques)	43962 (70 uniques)	43691 (55 uniques)	42961 (50 uniques)	42957 (49 uniques)	42957 (49 uniques)	42957 (47 uniques)	42916 (44 uniques)	42916 (44 uniques)	2500 (28 uniques)	2500 (28 uniques)
Acer416_S341_L001	47342	37639	37639	37639 (5308 uniques)	37495 (47 uniques)	37278 (39 uniques)	36699 (34 uniques)	36628 (30 uniques)	36628 (30 uniques)	36628 (29 uniques)	36628 (29 uniques)	36628 (29 uniques)	2500 (20 uniques)	2500 (20 uniques)
Acer419_S342_L001	69398	55151	55151	55151 (7527 uniques)	54957 (64 uniques)	54657 (55 uniques)	53462 (49 uniques)	53383 (44 uniques)	53383 (44 uniques)	53383 (41 uniques)	53383 (41 uniques)	53383 (41 uniques)	2500 (25 uniques)	2500 (25 uniques)
Acer41_S41_L001	25159	20808	20808	20808 (2621 uniques)	20682 (61 uniques)	20519 (39 uniques)	20468 (38 uniques)	20401 (34 uniques)	20401 (34 uniques)	20401 (27 uniques)	17919 (27 uniques)	17919 (27 uniques)	2500 (23 uniques)	2500 (23 uniques)
Acer42_S42_L001	9008	7509	7509	7509 (910 uniques)	7476 (25 uniques)	7395 (10 uniques)	7378 (9 uniques)	7378 (9 uniques)	7378 (9 uniques)	7378 (9 uniques)	7378 (9 uniques)	7378 (9 uniques)	2500 (8 uniques)	2500 (8 uniques)
Acer43_S43_L001	3922	2858	2858	2858 (787 uniques)	2804 (48 uniques)	2722 (38 uniques)	2592 (36 uniques)	2592 (36 uniques)	2592 (36 uniques)	2592 (36 uniques)	2578 (34 uniques)	2578 (34 uniques)	2500 (34 uniques)	2500 (34 uniques)
Acer44_S44_L001	7593	6062	6062	6062 (968 uniques)	6001 (32 uniques)	5939 (23 uniques)	5917 (22 uniques)	5917 (22 uniques)	5917 (22 uniques)	5917 (21 uniques)	5915 (20 uniques)	5913 (19 uniques)	2500 (17 uniques)	2500 (17 uniques)
Acer45_S45_L001	4177	3429	3429	3429 (544 uniques)	3394 (9 uniques)	3362 (5 uniques)	3362 (5 uniques)	3362 (5 uniques)	3362 (5 uniques)	3362 (5 uniques)	3348 (4 uniques)	3348 (4 uniques)	2500 (4 uniques)	2500 (4 uniques)
Acer46_S46_L001	7982	6588	6588	6588 (1015 uniques)	6504 (26 uniques)	6425 (17 uniques)	6414 (16 uniques)	6414 (16 uniques)	6414 (16 uniques)	6414 (14 uniques)	6303 (13 uniques)	6303 (13 uniques)	2500 (13 uniques)	2500 (13 uniques)
Acer47_S47_L001	5574	4645	4645	4645 (657 uniques)	4609 (10 uniques)	4576 (4 uniques)	4576 (4 uniques)	4576 (4 uniques)	4576 (4 uniques)	4576 (4 uniques)	4576 (4 uniques)	4576 (4 uniques)	2500 (3 uniques)	2500 (3 uniques)
Acer48_S48_L001	2825	2392	2392	2392 (382 uniques)	2363 (4 uniques)	2358 (3 uniques)	2358 (3 uniques)	2358 (3 uniques)	2358 (3 uniques)	2358 (3 uniques)	2358 (3 uniques)	2358 (3 uniques)	/	/
Acer49_S49_L001	7090	5821	5821	5821 (817 uniques)	5766 (16 uniques)	5710 (10 uniques)	5691 (9 uniques)	5691 (9 uniques)	5691 (9 uniques)	5691 (9 uniques)	5691 (9 uniques)	5691 (9 uniques)	2500 (7 uniques)	2500 (7 uniques)
Acer4_S4_L001	2892	2272	2272	2272 (402 uniques)	2249 (7 uniques)	2231 (6 uniques)	2231 (6 uniques)	2231 (6 uniques)	2231 (6 uniques)	2231 (6 uniques)	2231 (6 uniques)	2231 (6 uniques)	/	/
Acer504_S343_L001	9222	7422	7422	7422 (1216 uniques)	7368 (14 uniques)	7327 (10 uniques)	7277 (9 uniques)	7277 (9 uniques)	7277 (9 uniques)	7277 (9 uniques)	7264 (8 uniques)	7264 (8 uniques)	2500 (8 uniques)	2500 (8 uniques)
Acer506_S344_L001	116697	93836	93836	93836 (10693 uniques)	93484 (102 uniques)	92944 (89 uniques)	91768 (82 uniques)	91589 (76 uniques)	91589 (76 uniques)	91589 (58 uniques)	91396 (52 uniques)	91396 (52 uniques)	2500 (27 uniques)	2500 (27 uniques)
Acer508_S345_L001	72664	59001	59001	59001 (6549 uniques)	58801 (77 uniques)	58488 (65 uniques)	57107 (59 uniques)	57088 (58 uniques)	57088 (58 uniques)	57088 (53 uniques)	56949 (49 uniques)	56949 (49 uniques)	2500 (22 uniques)	2500 (22 uniques)
Acer50_S50_L001	23330	18905	18905	18905 (2207 uniques)	18764 (59 uniques)	18592 (37 uniques)	18523 (35 uniques)	18514 (34 uniques)	18514 (34 uniques)	18514 (33 uniques)	18497 (31 uniques)	18495 (30 uniques)	2500 (23 uniques)	2500 (23 uniques)
Acer513_S346_L001	56294	46096	46096	46096 (6746 uniques)	45966 (86 uniques)	45764 (73 uniques)	44775 (66 uniques)	44686 (61 uniques)	44686 (61 uniques)	44686 (53 uniques)	44646 (50 uniques)	44646 (50 uniques)	2500 (30 uniques)	2500 (30 uniques)
Acer515_S347_L001	21980	19102	19102	19102 (3268 uniques)	18902 (125 uniques)	18545 (88 uniques)	17891 (79 uniques)	17891 (79 uniques)	17891 (79 uniques)	17891 (74 uniques)	17881 (72 uniques)	17879 (71 uniques)	2500 (49 uniques)	2500 (49 uniques)
Acer51_S51_L001	5612	4377	4377	4377 (1001 uniques)	4271 (27 uniques)	4163 (21 uniques)	4155 (20 uniques)	4154 (19 uniques)	4154 (19 uniques)	4154 (18 uniques)	3947 (16 uniques)	3947 (16 uniques)	2500 (15 uniques)	2500 (15 uniques)
Acer528_S348_L001	26828	21576	21576	21576 (4214 uniques)	21313 (181 uniques)	20681 (116 uniques)	20293 (112 uniques)	20293 (112 uniques)	20293 (112 uniques)	20293 (105 uniques)	20027 (98 uniques)	20025 (97 uniques)	2500 (73 uniques)	2500 (73 uniques)
Acer52_S52_L001	822	602	602	602 (258 uniques)	564 (27 uniques)	485 (15 uniques)	422 (14 uniques)	422 (14 uniques)	422 (14 uniques)	422 (14 uniques)	422 (14 uniques)	422 (14 uniques)	/	/
Acer534_S349_L001	8104	6670	6670	6670 (1548 uniques)	6555 (36 uniques)	6482 (27 uniques)	6376 (26 uniques)	6369 (25 uniques)	6369 (25 uniques)	6369 (25 uniques)	6369 (25 uniques)	6369 (25 uniques)	2500 (23 uniques)	2500 (23 uniques)
Acer538_S350_L001	28402	22729	22729	22729 (3299 uniques)	22631 (34 uniques)	22473 (23 uniques)	21963 (20 uniques)	21937 (19 uniques)	21937 (19 uniques)	21937 (19 uniques)	21915 (16 uniques)	21915 (16 uniques)	2500 (11 uniques)	2500 (11 uniques)
Acer53_S53_L001	13007	10523	10523	10523 (1189 uniques)	10450 (20 uniques)	10400 (14 uniques)	10377 (13 uniques)	10377 (13 uniques)	10377 (13 uniques)	10377 (13 uniques)	10377 (13 uniques)	10377 (13 uniques)	2500 (12 uniques)	2500 (12 uniques)
Acer547_S351_L001	4839	4044	4044	4044 (836 uniques)	4002 (8 uniques)	3984 (5 uniques)	3984 (5 uniques)	3984 (5 uniques)	3984 (5 uniques)	3984 (5 uniques)	3984 (5 uniques)	3984 (5 uniques)	2500 (5 uniques)	2500 (5 uniques)
Acer548_S352_L001	11641	9364	9364	9364 (1765 uniques)	9309 (19 uniques)	9256 (15 uniques)	9184 (14 uniques)	9124 (12 uniques)	9124 (12 uniques)	9124 (12 uniques)	9122 (11 uniques)	9122 (11 uniques)	2500 (9 uniques)	2500 (9 uniques)
Acer54_S54_L001	14011	11103	11103	11103 (1602 uniques)	11035 (27 uniques)	10934 (16 uniques)	10924 (15 uniques)	10873 (11 uniques)	10873 (11 uniques)	10873 (11 uniques)	10873 (11 uniques)	10873 (11 uniques)	2500 (11 uniques)	2500 (11 uniques)
Acer553_S353_L001	9893	7251	7251	7251 (1710 uniques)	7193 (23 uniques)	7079 (14 uniques)	6947 (13 uniques)	6923 (12 uniques)	6923 (12 uniques)	6923 (10 uniques)	6923 (10 uniques)	6923 (10 uniques)	2500 (9 uniques)	2500 (9 uniques)
Acer554_S354_L001	7311	5732	5732	5732 (1242 uniques)	5681 (16 uniques)	5647 (13 uniques)	5576 (12 uniques)	5565 (11 uniques)	5565 (11 uniques)	5565 (9 uniques)	5565 (9 uniques)	5565 (9 uniques)	2500 (9 uniques)	2500 (9 uniques)
Acer555_S355_L001	9000	7050	7050	7050 (1582 uniques)	6965 (21 uniques)	6894 (13 uniques)	6809 (12 uniques)	6786 (11 uniques)	6786 (11 uniques)	6786 (11 uniques)	6786 (11 uniques)	6786 (11 uniques)	2500 (11 uniques)	2500 (11 uniques)
Acer556_S356_L001	10321	8438	8438	8438 (1537 uniques)	8365 (21 uniques)	8308 (13 uniques)	8203 (12 uniques)	8170 (11 uniques)	8170 (11 uniques)	8170 (10 uniques)	8170 (10 uniques)	8170 (10 uniques)	2500 (10 uniques)	2500 (10 uniques)
Acer557_S357_L001	12646	10238	10238	10238 (1808 uniques)	10179 (29 uniques)	10099 (19 uniques)	9890 (15 uniques)	9852 (13 uniques)	9852 (13 uniques)	9852 (11 uniques)	9852 (11 uniques)	9852 (11 uniques)	2500 (8 uniques)	2500 (8 uniques)
Acer558_S358_L001	60095	49127	49127	49127 (6410 uniques)	48928 (98 uniques)	48592 (79 uniques)	46638 (73 uniques)	46629 (72 uniques)	46629 (72 uniques)	46629 (70 uniques)	46573 (65 uniques)	46573 (65 uniques)	2500 (43 uniques)	2500 (43 uniques)
Acer559_S359_L001	58747	46307	46307	46307 (7985 uniques)	46100 (131 uniques)	45621 (100 uniques)	44477 (93 uniques)	44342 (87 uniques)	44342 (87 uniques)	44342 (77 uniques)	44235 (70 uniques)	44235 (70 uniques)	2500 (46 uniques)	2500 (46 uniques)
Acer55_S55_L001	10703	8804	8804	8804 (1121 uniques)	8721 (20 uniques)	8652 (13 uniques)	8630 (12 uniques)	8630 (12 uniques)	8630 (12 uniques)	8630 (12 uniques)	8630 (12 uniques)	8630 (12 uniques)	2500 (12 uniques)	2500 (12 uniques)
Acer565_S360_L001	42774	33357	33357	33357 (4493 uniques)	33248 (75 uniques)	32974 (50 uniques)	32529 (46 uniques)	32413 (44 uniques)	32413 (44 uniques)	32413 (40 uniques)	32375 (36 uniques)	32375 (36 uniques)	2500 (22 uniques)	2500 (22 uniques)
Acer569_S361_L001	13398	10289	10289	10289 (2191 uniques)	10129 (45 uniques)	9985 (27 uniques)	9811 (25 uniques)	9782 (23 uniques)	9782 (23 uniques)	9782 (23 uniques)	9782 (23 uniques)	9782 (23 uniques)	2500 (20 uniques)	2500 (20 uniques)
Acer56_S56_L001	3531	2950	2950	2950 (459 uniques)	2925 (12 uniques)	2900 (8 uniques)	2894 (7 uniques)	2894 (7 uniques)	2894 (7 uniques)	2894 (7 uniques)	2894 (7 uniques)	2894 (7 uniques)	2500 (7 uniques)	2500 (7 uniques)
Acer572_S362_L001	104219	82995	82995	82995 (10133 uniques)	82775 (97 uniques)	82141 (71 uniques)	80447 (63 uniques)	80119 (58 uniques)	80119 (58 uniques)	80119 (51 uniques)	79151 (48 uniques)	79151 (48 uniques)	2500 (23 uniques)	2500 (23 uniques)
Acer575_S363_L001	57687	41120	41120	41120 (7600 uniques)	40974 (105 uniques)	40386 (83 uniques)	39071 (77 uniques)	38851 (66 uniques)	38851 (66 uniques)	38851 (60 uniques)	38810 (57 uniques)	38810 (57 uniques)	2500 (42 uniques)	2500 (42 uniques)
Acer576_S364_L001	41913	34465	34465	34465 (4387 uniques)	34332 (57 uniques)	34180 (44 uniques)	33506 (38 uniques)	33485 (36 uniques)	33485 (36 uniques)	33485 (35 uniques)	33485 (35 uniques)	33485 (35 uniques)	2500 (25 uniques)	2500 (25 uniques)
Acer57_S57_L001	2856	2342	2342	2342 (433 uniques)	2320 (8 uniques)	2295 (4 uniques)	2295 (4 uniques)	2295 (4 uniques)	2295 (4 uniques)	2295 (4 uniques)	2295 (4 uniques)	2295 (4 uniques)	/	/
Acer581_S365_L001	36009	28847	28847	28847 (4238 uniques)	28701 (56 uniques)	28513 (38 uniques)	28016 (33 uniques)	27832 (30 uniques)	27832 (30 uniques)	27832 (25 uniques)	27830 (24 uniques)	27830 (24 uniques)	2500 (19 uniques)	2500 (19 uniques)
Acer584_S366_L001	8353	6354	6354	6354 (1528 uniques)	6291 (18 uniques)	6238 (14 uniques)	6090 (12 uniques)	6069 (11 uniques)	6069 (11 uniques)	6069 (11 uniques)	6065 (10 uniques)	6065 (10 uniques)	2500 (10 uniques)	2500 (10 uniques)
Acer58_S58_L001	3328	2671	2671	2671 (501 uniques)	2641 (10 uniques)	2621 (8 uniques)	2621 (8 uniques)	2621 (8 uniques)	2621 (8 uniques)	2621 (8 uniques)	2621 (8 uniques)	2621 (8 uniques)	2500 (8 uniques)	2500 (8 uniques)
Acer590_S367_L001	61683	48326	48326	48326 (8312 uniques)	48119 (107 uniques)	47727 (90 uniques)	46332 (83 uniques)	46020 (72 uniques)	46020 (72 uniques)	46020 (68 uniques)	44564 (64 uniques)	44564 (64 uniques)	2500 (35 uniques)	2500 (35 uniques)
Acer591_S368_L001	5269	4139	4139	4139 (945 uniques)	4089 (16 uniques)	4054 (11 uniques)	3984 (10 uniques)	3984 (10 uniques)	3984 (10 uniques)	3984 (10 uniques)	3870 (9 uniques)	3870 (9 uniques)	2500 (9 uniques)	2500 (9 uniques)
Acer594_S369_L001	64228	52583	52583	52583 (7363 uniques)	52418 (97 uniques)	52146 (75 uniques)	51591 (69 uniques)	51370 (66 uniques)	51370 (66 uniques)	51370 (57 uniques)	51344 (54 uniques)	51344 (54 uniques)	2500 (35 uniques)	2500 (35 uniques)
Acer595_S370_L001	51392	41860	41860	41860 (5445 uniques)	41689 (67 uniques)	41422 (51 uniques)	40647 (46 uniques)	40543 (43 uniques)	40543 (43 uniques)	40543 (39 uniques)	40533 (38 uniques)	40533 (38 uniques)	2500 (25 uniques)	2500 (25 uniques)
Acer596_S371_L001	46099	35083	35083	35083 (4595 uniques)	34953 (56 uniques)	34759 (46 uniques)	34541 (44 uniques)	34411 (40 uniques)	34411 (40 uniques)	34411 (38 uniques)	34228 (36 uniques)	34228 (36 uniques)	2500 (24 uniques)	2500 (24 uniques)
Acer59_S59_L001	1732	1421	1421	1421 (255 uniques)	1398 (4 uniques)	1388 (3 uniques)	1388 (3 uniques)	1388 (3 uniques)	1388 (3 uniques)	1388 (3 uniques)	1388 (3 uniques)	1388 (3 uniques)	/	/
Acer5_S5_L001	7246	5812	5812	5812 (1080 uniques)	5726 (28 uniques)	5615 (14 uniques)	5603 (13 uniques)	5603 (13 uniques)	5603 (13 uniques)	5603 (13 uniques)	5603 (13 uniques)	5603 (13 uniques)	2500 (13 uniques)	2500 (13 uniques)
Acer607_S372_L001	34397	27317	27317	27317 (3927 uniques)	27207 (42 uniques)	27052 (31 uniques)	26739 (26 uniques)	26584 (22 uniques)	26584 (22 uniques)	26584 (19 uniques)	26573 (17 uniques)	26573 (17 uniques)	2500 (13 uniques)	2500 (13 uniques)
Acer60_S60_L001	829	575	575	575 (225 uniques)	529 (17 uniques)	468 (11 uniques)	457 (10 uniques)	457 (10 uniques)	457 (10 uniques)	457 (10 uniques)	448 (9 uniques)	448 (9 uniques)	/	/
Acer61_S61_L001	15074	12477	12477	12477 (1456 uniques)	12381 (21 uniques)	12339 (14 uniques)	12318 (13 uniques)	12318 (13 uniques)	12318 (13 uniques)	12318 (11 uniques)	12318 (11 uniques)	12318 (11 uniques)	2500 (10 uniques)	2500 (10 uniques)
Acer62_S62_L001	3882	3182	3182	3182 (471 uniques)	3151 (8 uniques)	3132 (5 uniques)	3125 (4 uniques)	3125 (4 uniques)	3125 (4 uniques)	3125 (4 uniques)	3125 (4 uniques)	3125 (4 uniques)	2500 (4 uniques)	2500 (4 uniques)
Acer63_S63_L001	8765	7429	7429	7429 (963 uniques)	7370 (25 uniques)	7279 (14 uniques)	7271 (13 uniques)	7271 (13 uniques)	7271 (13 uniques)	7271 (13 uniques)	7271 (13 uniques)	7271 (13 uniques)	2500 (13 uniques)	2500 (13 uniques)
Acer64_S64_L001	727	602	602	602 (116 uniques)	583 (4 uniques)	577 (3 uniques)	577 (3 uniques)	577 (3 uniques)	577 (3 uniques)	577 (3 uniques)	577 (3 uniques)	577 (3 uniques)	/	/
Acer65_S65_L001	1027	899	899	899 (158 uniques)	883 (3 uniques)	881 (3 uniques)	881 (3 uniques)	881 (3 uniques)	881 (3 uniques)	881 (3 uniques)	881 (3 uniques)	881 (3 uniques)	/	/
Acer66_S66_L001	247	194	194	194 (48 uniques)	193 (3 uniques)	193 (3 uniques)	193 (3 uniques)	193 (3 uniques)	193 (3 uniques)	193 (3 uniques)	193 (3 uniques)	193 (3 uniques)	/	/
Acer67_S67_L001	77	62	62	62 (12 uniques)	58 (1 uniques)	58 (1 uniques)	58 (1 uniques)	58 (1 uniques)	58 (1 uniques)	58 (1 uniques)	58 (1 uniques)	58 (1 uniques)	/	/
Acer67b_S293_L001	95036	77441	77441	77441 (9628 uniques)	77211 (84 uniques)	76787 (66 uniques)	76433 (61 uniques)	76182 (57 uniques)	76182 (57 uniques)	76182 (50 uniques)	76182 (50 uniques)	76180 (49 uniques)	2500 (26 uniques)	2500 (26 uniques)
Acer67c_S294_L001	179215	138763	138763	138763 (19401 uniques)	138469 (139 uniques)	137474 (141 uniques)	135426 (130 uniques)	134342 (100 uniques)	134342 (100 uniques)	134342 (82 uniques)	133882 (77 uniques)	133882 (77 uniques)	2500 (38 uniques)	2500 (38 uniques)
Acer68_S68_L001	10	/	/	/	/	/	/	/	/	/	/	/	/	/
Acer68b_S289_L001	35464	28556	28556	28556 (4784 uniques)	28432 (82 uniques)	28122 (69 uniques)	27331 (62 uniques)	27311 (61 uniques)	27311 (61 uniques)	27311 (57 uniques)	27265 (55 uniques)	27263 (54 uniques)	2500 (42 uniques)	2500 (42 uniques)
Acer68c_S295_L001	71294	57190	57190	57190 (7555 uniques)	56960 (118 uniques)	56399 (89 uniques)	55868 (83 uniques)	55816 (82 uniques)	55816 (82 uniques)	55816 (73 uniques)	55608 (68 uniques)	55608 (68 uniques)	2500 (34 uniques)	2500 (34 uniques)
Acer69_S69_L001	24	/	/	/	/	/	/	/	/	/	/	/	/	/
Acer69b_S296_L001	77494	61905	61905	61905 (7442 uniques)	61685 (77 uniques)	61148 (63 uniques)	60410 (58 uniques)	60229 (53 uniques)	60229 (53 uniques)	60229 (44 uniques)	60099 (40 uniques)	60099 (40 uniques)	2500 (22 uniques)	2500 (22 uniques)
Acer6_S6_L001	25161	19978	19978	19978 (2799 uniques)	19829 (86 uniques)	19517 (52 uniques)	19423 (51 uniques)	19419 (50 uniques)	19419 (50 uniques)	19419 (49 uniques)	19416 (48 uniques)	19414 (47 uniques)	2500 (36 uniques)	2500 (36 uniques)
Acer70_S70_L001	16	/	/	/	/	/	/	/	/	/	/	/	/	/
Acer70b_S297_L001	5895	4781	4781	4781 (1177 uniques)	4701 (21 uniques)	4625 (14 uniques)	4553 (13 uniques)	4553 (13 uniques)	4553 (13 uniques)	4553 (13 uniques)	4553 (13 uniques)	4553 (13 uniques)	2500 (13 uniques)	2500 (13 uniques)
Acer71_S71_L001	2	/	/	/	/	/	/	/	/	/	/	/	/	/
Acer71b_S298_L001	7299	6036	6036	6036 (1024 uniques)	5986 (6 uniques)	5963 (2 uniques)	5951 (1 uniques)	5951 (1 uniques)	5951 (1 uniques)	5951 (1 uniques)	5951 (1 uniques)	5951 (1 uniques)	2500 (1 uniques)	2500 (1 uniques)
Acer72_S72_L001	111	93	93	93 (22 uniques)	91 (2 uniques)	91 (2 uniques)	91 (2 uniques)	91 (2 uniques)	91 (2 uniques)	91 (2 uniques)	91 (2 uniques)	91 (2 uniques)	/	/
Acer73_S73_L001	6284	5104	5104	5104 (875 uniques)	5044 (14 uniques)	4956 (8 uniques)	4942 (7 uniques)	4942 (7 uniques)	4942 (7 uniques)	4942 (7 uniques)	4942 (7 uniques)	4942 (7 uniques)	2500 (7 uniques)	2500 (7 uniques)
Acer74_S75_L001	8	/	/	/	/	/	/	/	/	/	/	/	/	/
Acer74b_S299_L001	4037	2964	2964	2964 (924 uniques)	2885 (11 uniques)	2850 (10 uniques)	2827 (9 uniques)	2827 (9 uniques)	2827 (9 uniques)	2827 (9 uniques)	2827 (9 uniques)	2827 (9 uniques)	2500 (9 uniques)	2500 (9 uniques)
Acer75_S74_L001	6650	5353	5353	5353 (856 uniques)	5281 (23 uniques)	5205 (14 uniques)	5167 (13 uniques)	5160 (12 uniques)	5160 (12 uniques)	5160 (12 uniques)	5160 (12 uniques)	5160 (12 uniques)	2500 (11 uniques)	2500 (11 uniques)
Acer76_S76_L001	6610	5320	5320	5320 (895 uniques)	5272 (16 uniques)	5238 (12 uniques)	5225 (11 uniques)	5203 (9 uniques)	5203 (9 uniques)	5203 (9 uniques)	5203 (9 uniques)	5203 (9 uniques)	2500 (9 uniques)	2500 (9 uniques)
Acer77_S77_L001	11236	9318	9318	9318 (1502 uniques)	9264 (21 uniques)	9172 (17 uniques)	9141 (16 uniques)	9113 (13 uniques)	9113 (13 uniques)	9113 (13 uniques)	8885 (12 uniques)	8885 (12 uniques)	2500 (12 uniques)	2500 (12 uniques)
Acer78_S78_L001	17456	14651	14651	14651 (2109 uniques)	14520 (26 uniques)	14462 (18 uniques)	14433 (16 uniques)	14433 (16 uniques)	14433 (16 uniques)	14433 (15 uniques)	14433 (15 uniques)	14433 (15 uniques)	2500 (13 uniques)	2500 (13 uniques)
Acer79_S79_L001	15111	10719	10719	10719 (2209 uniques)	10649 (57 uniques)	10376 (33 uniques)	10206 (28 uniques)	10206 (28 uniques)	10206 (28 uniques)	10206 (28 uniques)	10184 (24 uniques)	10184 (24 uniques)	2500 (21 uniques)	2500 (21 uniques)
Acer7_S7_L001	5158	3947	3947	3947 (815 uniques)	3895 (15 uniques)	3865 (11 uniques)	3857 (10 uniques)	3857 (10 uniques)	3857 (10 uniques)	3857 (10 uniques)	3841 (9 uniques)	3841 (9 uniques)	2500 (9 uniques)	2500 (9 uniques)
Acer80_S80_L001	5975	4896	4896	4896 (846 uniques)	4845 (17 uniques)	4806 (11 uniques)	4777 (10 uniques)	4770 (9 uniques)	4770 (9 uniques)	4770 (9 uniques)	4770 (9 uniques)	4770 (9 uniques)	2500 (9 uniques)	2500 (9 uniques)
Acer81_S81_L001	65243	51907	51907	51907 (4790 uniques)	51678 (98 uniques)	51312 (69 uniques)	51200 (66 uniques)	51084 (61 uniques)	51084 (61 uniques)	51084 (56 uniques)	51072 (54 uniques)	51072 (54 uniques)	2500 (24 uniques)	2500 (24 uniques)
Acer82_S82_L001	5393	4392	4392	4392 (679 uniques)	4347 (11 uniques)	4323 (8 uniques)	4312 (7 uniques)	4312 (7 uniques)	4312 (7 uniques)	4312 (7 uniques)	4305 (6 uniques)	4305 (6 uniques)	2500 (6 uniques)	2500 (6 uniques)
Acer83_S83_L001	4749	3994	3994	3994 (679 uniques)	3936 (11 uniques)	3908 (8 uniques)	3891 (7 uniques)	3891 (7 uniques)	3891 (7 uniques)	3891 (7 uniques)	3891 (7 uniques)	3891 (7 uniques)	2500 (7 uniques)	2500 (7 uniques)
Acer84_S84_L001	20461	16246	16246	16246 (2600 uniques)	16135 (112 uniques)	15758 (77 uniques)	15645 (73 uniques)	15645 (73 uniques)	15645 (73 uniques)	15645 (70 uniques)	15564 (67 uniques)	15564 (67 uniques)	2500 (59 uniques)	2500 (59 uniques)
Acer85_S85_L001	13769	11241	11241	11241 (1327 uniques)	11146 (29 uniques)	11016 (17 uniques)	10974 (16 uniques)	10974 (16 uniques)	10974 (16 uniques)	10974 (16 uniques)	10962 (15 uniques)	10962 (15 uniques)	2500 (12 uniques)	2500 (12 uniques)
Acer86_S86_L001	1612	1310	1310	1310 (356 uniques)	1261 (23 uniques)	1214 (14 uniques)	1214 (14 uniques)	1214 (14 uniques)	1214 (14 uniques)	1214 (14 uniques)	1214 (14 uniques)	1214 (14 uniques)	/	/
Acer87_S87_L001	3354	2670	2670	2670 (629 uniques)	2619 (12 uniques)	2593 (9 uniques)	2585 (8 uniques)	2585 (8 uniques)	2585 (8 uniques)	2585 (8 uniques)	2585 (8 uniques)	2585 (8 uniques)	2500 (8 uniques)	2500 (8 uniques)
Acer88_S88_L001	4447	3594	3594	3594 (640 uniques)	3569 (14 uniques)	3536 (9 uniques)	3526 (8 uniques)	3526 (8 uniques)	3526 (8 uniques)	3526 (8 uniques)	3464 (7 uniques)	3464 (7 uniques)	2500 (7 uniques)	2500 (7 uniques)
Acer89_S89_L001	22963	16687	16687	16687 (2659 uniques)	16636 (55 uniques)	16403 (46 uniques)	16167 (42 uniques)	16154 (41 uniques)	16154 (41 uniques)	16154 (41 uniques)	16151 (40 uniques)	16151 (40 uniques)	2500 (36 uniques)	2500 (36 uniques)
Acer8_S8_L001	6432	5272	5272	5272 (821 uniques)	5193 (26 uniques)	5109 (18 uniques)	5089 (17 uniques)	5089 (17 uniques)	5089 (17 uniques)	5089 (16 uniques)	5061 (15 uniques)	5061 (15 uniques)	2500 (15 uniques)	2500 (15 uniques)
Acer90_S90_L001	3999	3124	3124	3124 (618 uniques)	3073 (20 uniques)	3010 (15 uniques)	3006 (14 uniques)	3006 (14 uniques)	3006 (14 uniques)	3006 (14 uniques)	2967 (12 uniques)	2967 (12 uniques)	2500 (12 uniques)	2500 (12 uniques)
Acer91_S91_L001	46816	37211	37211	37211 (4962 uniques)	37030 (87 uniques)	36782 (69 uniques)	36638 (64 uniques)	36417 (57 uniques)	36417 (57 uniques)	36417 (50 uniques)	36406 (48 uniques)	36406 (48 uniques)	2500 (30 uniques)	2500 (30 uniques)
Acer92_S92_L001	5048	4022	4022	4022 (837 uniques)	3961 (28 uniques)	3900 (20 uniques)	3883 (19 uniques)	3874 (18 uniques)	3874 (18 uniques)	3874 (17 uniques)	3862 (16 uniques)	3862 (16 uniques)	2500 (15 uniques)	2500 (15 uniques)
Acer93_S141_L001	19257	15348	15348	15348 (2529 uniques)	15231 (24 uniques)	15149 (23 uniques)	15035 (19 uniques)	15009 (18 uniques)	15009 (18 uniques)	15009 (17 uniques)	15009 (17 uniques)	15009 (17 uniques)	2500 (13 uniques)	2500 (13 uniques)
Acer94_S153_L001	31309	25768	25768	25768 (3641 uniques)	25658 (38 uniques)	25564 (31 uniques)	24959 (26 uniques)	24914 (24 uniques)	24914 (24 uniques)	24914 (22 uniques)	24914 (22 uniques)	24914 (22 uniques)	2500 (18 uniques)	2500 (18 uniques)
Acer95_S165_L001	92031	74830	74830	74830 (7961 uniques)	74570 (89 uniques)	74194 (69 uniques)	72951 (61 uniques)	72844 (58 uniques)	72844 (58 uniques)	72844 (53 uniques)	72814 (50 uniques)	72814 (50 uniques)	2500 (24 uniques)	2500 (24 uniques)
Acer96_S97_L001	5105	4043	4043	4043 (1122 uniques)	3985 (27 uniques)	3946 (18 uniques)	3782 (15 uniques)	3782 (15 uniques)	3782 (15 uniques)	3782 (15 uniques)	3782 (15 uniques)	3782 (15 uniques)	2500 (15 uniques)	2500 (15 uniques)
Acer97_S109_L001	27379	22096	22096	22096 (4205 uniques)	21936 (40 uniques)	21794 (28 uniques)	21743 (27 uniques)	21658 (24 uniques)	21658 (24 uniques)	21658 (21 uniques)	21575 (19 uniques)	21575 (19 uniques)	2500 (15 uniques)	2500 (15 uniques)
Acer98_S121_L001	16553	13103	13103	13103 (2161 uniques)	13023 (37 uniques)	12929 (27 uniques)	12733 (24 uniques)	12718 (23 uniques)	12718 (23 uniques)	12718 (23 uniques)	12718 (23 uniques)	12718 (23 uniques)	2500 (19 uniques)	2500 (19 uniques)
Acer99_S133_L001	194003	155603	155603	155603 (18053 uniques)	155200 (163 uniques)	154243 (142 uniques)	148570 (129 uniques)	148147 (116 uniques)	148147 (116 uniques)	148147 (95 uniques)	148084 (91 uniques)	148083 (90 uniques)	2500 (39 uniques)	2500 (39 uniques)
Acer9_S9_L001	4600	3719	3719	3719 (659 uniques)	3673 (17 uniques)	3610 (6 uniques)	3610 (6 uniques)	3602 (5 uniques)	3602 (5 uniques)	3602 (5 uniques)	3592 (4 uniques)	3592 (4 uniques)	2500 (4 uniques)	2500 (4 uniques)
AcerDNAblankP1_S96_L001	158	122	122	122 (56 uniques)	109 (7 uniques)	95 (4 uniques)	95 (4 uniques)	95 (4 uniques)	95 (4 uniques)	95 (4 uniques)	95 (4 uniques)	95 (4 uniques)	/	/
AcerMOCKP2_S190_L001	47336	34458	34458	34458 (10203 uniques)	34303 (58 uniques)	33318 (68 uniques)	33301 (64 uniques)	32474 (34 uniques)	32474 (34 uniques)	32474 (13 uniques)	32474 (13 uniques)	32474 (13 uniques)	2500 (9 uniques)	2500 (9 uniques)
AcerMOCKP4_S291_L001	331957	231795	231795	231795 (52011 uniques)	231210 (185 uniques)	225601 (342 uniques)	225522 (303 uniques)	217421 (115 uniques)	217421 (115 uniques)	217421 (24 uniques)	217421 (24 uniques)	217414 (19 uniques)	2500 (13 uniques)	2500 (13 uniques)
AcerMockP1_S95_L001	3529	2628	2628	2628 (939 uniques)	2613 (12 uniques)	2533 (10 uniques)	2533 (9 uniques)	2526 (8 uniques)	2526 (8 uniques)	2526 (8 uniques)	2526 (8 uniques)	2526 (8 uniques)	2500 (8 uniques)	2500 (8 uniques)
AcerMockP3_S193_L001	8698	5929	5929	5929 (2938 uniques)	5880 (11 uniques)	5676 (10 uniques)	5676 (9 uniques)	5676 (9 uniques)	5676 (9 uniques)	5676 (9 uniques)	5676 (9 uniques)	5676 (9 uniques)	2500 (9 uniques)	2500 (9 uniques)
AcerNTCP1a_S93_L001	19	/	/	/	/	/	/	/	/	/	/	/	/	/
AcerNTCP1b_S94_L001	17	/	/	/	/	/	/	/	/	/	/	/	/	/
AcerNTCP2a_S106_L001	108	57	57	57 (39 uniques)	45 (3 uniques)	42 (2 uniques)	42 (2 uniques)	42 (2 uniques)	42 (2 uniques)	42 (2 uniques)	42 (2 uniques)	42 (2 uniques)	/	/
AcerNTCP2b_S191_L001	75	/	/	/	/	/	/	/	/	/	/	/	/	/
AcerNTCP3a_S194_L001	256	118	118	118 (70 uniques)	115 (6 uniques)	87 (2 uniques)	87 (2 uniques)	87 (2 uniques)	87 (2 uniques)	87 (2 uniques)	87 (2 uniques)	87 (2 uniques)	/	/
AcerNTCP3b_S195_L001	147	74	74	74 (48 uniques)	67 (4 uniques)	52 (3 uniques)	52 (3 uniques)	52 (3 uniques)	52 (3 uniques)	52 (3 uniques)	52 (3 uniques)	52 (3 uniques)	/	/
AcerNTCP4a_S290_L001	177	133	133	133 (67 uniques)	126 (6 uniques)	112 (5 uniques)	112 (5 uniques)	112 (5 uniques)	112 (5 uniques)	112 (5 uniques)	112 (5 uniques)	112 (5 uniques)	/	/
